repo,issue,url,days since last activity
docs,188,https://github.com/cucumber/docs/issues/188,2336
docs,233,https://github.com/cucumber/docs/issues/233,2198
aruba,500,https://github.com/cucumber/aruba/issues/500,2114
aruba,525,https://github.com/cucumber/aruba/issues/525,2114
aruba,538,https://github.com/cucumber/aruba/issues/538,2114
aruba,550,https://github.com/cucumber/aruba/issues/550,2114
aruba,564,https://github.com/cucumber/aruba/issues/564,2114
aruba,480,https://github.com/cucumber/aruba/issues/480,2109
godog,159,https://github.com/cucumber/godog/issues/159,2097
aruba,255,https://github.com/cucumber/aruba/issues/255,2069
cucumber-ruby-wire,16,https://github.com/cucumber/cucumber-ruby-wire/issues/16,2042
godog,173,https://github.com/cucumber/godog/issues/173,2027
godog,182,https://github.com/cucumber/godog/issues/182,1979
godog,185,https://github.com/cucumber/godog/issues/185,1950
godog,187,https://github.com/cucumber/godog/issues/187,1929
docs,230,https://github.com/cucumber/docs/issues/230,1888
common,686,https://github.com/cucumber/common/issues/686,1845
docs,401,https://github.com/cucumber/docs/issues/401,1844
cucumber-android,32,https://github.com/cucumber/cucumber-android/issues/32,1824
docs,391,https://github.com/cucumber/docs/issues/391,1786
common,775,https://github.com/cucumber/common/issues/775,1778
aruba,685,https://github.com/cucumber/aruba/issues/685,1775
aruba,695,https://github.com/cucumber/aruba/issues/695,1773
common,789,https://github.com/cucumber/common/issues/789,1762
docs,424,https://github.com/cucumber/docs/issues/424,1752
aruba,705,https://github.com/cucumber/aruba/issues/705,1707
godog,128,https://github.com/cucumber/godog/issues/128,1704
cucumber-eclipse,406,https://github.com/cucumber/cucumber-eclipse/issues/406,1638
godog,58,https://github.com/cucumber/godog/issues/58,1601
godog,94,https://github.com/cucumber/godog/issues/94,1601
godog,154,https://github.com/cucumber/godog/issues/154,1601
godog,194,https://github.com/cucumber/godog/issues/194,1601
commitbit,6,https://github.com/cucumber/commitbit/issues/6,1599
godog,230,https://github.com/cucumber/godog/issues/230,1569
common,773,https://github.com/cucumber/common/issues/773,1550
docs,386,https://github.com/cucumber/docs/issues/386,1496
commitbit,7,https://github.com/cucumber/commitbit/pull/7,1495
commitbit,8,https://github.com/cucumber/commitbit/pull/8,1495
commitbit,9,https://github.com/cucumber/commitbit/pull/9,1495
aruba,740,https://github.com/cucumber/aruba/issues/740,1463
cucumber-android,59,https://github.com/cucumber/cucumber-android/issues/59,1454
git-subrepo,1,https://github.com/cucumber/git-subrepo/pull/1,1437
docs,214,https://github.com/cucumber/docs/issues/214,1437
docs,288,https://github.com/cucumber/docs/issues/288,1437
docs,297,https://github.com/cucumber/docs/issues/297,1437
cucumber-message-upload-service,1,https://github.com/cucumber/cucumber-message-upload-service/pull/1,1437
commitbit,10,https://github.com/cucumber/commitbit/pull/10,1437
cucumber-android,62,https://github.com/cucumber/cucumber-android/issues/62,1426
aruba,770,https://github.com/cucumber/aruba/issues/770,1408
aruba,518,https://github.com/cucumber/aruba/issues/518,1400
godog,365,https://github.com/cucumber/godog/issues/365,1377
docs,487,https://github.com/cucumber/docs/issues/487,1374
godog,375,https://github.com/cucumber/godog/issues/375,1369
docs,67,https://github.com/cucumber/docs/issues/67,1362
docs,136,https://github.com/cucumber/docs/issues/136,1362
docs,434,https://github.com/cucumber/docs/issues/434,1362
godog,95,https://github.com/cucumber/godog/issues/95,1360
common,1290,https://github.com/cucumber/common/issues/1290,1348
common,1425,https://github.com/cucumber/common/issues/1425,1334
cucumber-json-schema,3,https://github.com/cucumber/cucumber-json-schema/issues/3,1318
cucumber-js,1644,https://github.com/cucumber/cucumber-js/issues/1644,1301
common,1462,https://github.com/cucumber/common/issues/1462,1300
docs,560,https://github.com/cucumber/docs/issues/560,1294
cucumber-eclipse,6,https://github.com/cucumber/cucumber-eclipse/issues/6,1292
cucumber-eclipse,7,https://github.com/cucumber/cucumber-eclipse/issues/7,1292
cucumber-eclipse,12,https://github.com/cucumber/cucumber-eclipse/issues/12,1292
cucumber-eclipse,13,https://github.com/cucumber/cucumber-eclipse/issues/13,1292
cucumber-eclipse,14,https://github.com/cucumber/cucumber-eclipse/issues/14,1292
cucumber-eclipse,172,https://github.com/cucumber/cucumber-eclipse/issues/172,1292
cucumber-eclipse,238,https://github.com/cucumber/cucumber-eclipse/issues/238,1292
cucumber-eclipse,283,https://github.com/cucumber/cucumber-eclipse/issues/283,1292
docs,594,https://github.com/cucumber/docs/issues/594,1291
cucumber-js,1664,https://github.com/cucumber/cucumber-js/issues/1664,1285
common,1427,https://github.com/cucumber/common/issues/1427,1284
common,1523,https://github.com/cucumber/common/issues/1523,1284
aruba,600,https://github.com/cucumber/aruba/pull/600,1278
aruba,716,https://github.com/cucumber/aruba/pull/716,1278
aruba,806,https://github.com/cucumber/aruba/issues/806,1277
build,18,https://github.com/cucumber/build/issues/18,1276
cucumber.ml,34,https://github.com/cucumber/cucumber.ml/pull/34,1269
godog,291,https://github.com/cucumber/godog/issues/291,1263
docs,627,https://github.com/cucumber/docs/issues/627,1253
godog,394,https://github.com/cucumber/godog/issues/394,1249
cucumber-eclipse-update-site,4,https://github.com/cucumber/cucumber-eclipse-update-site/issues/4,1246
docs,628,https://github.com/cucumber/docs/issues/628,1245
common,1614,https://github.com/cucumber/common/issues/1614,1243
aruba,817,https://github.com/cucumber/aruba/pull/817,1241
aruba,254,https://github.com/cucumber/aruba/issues/254,1239
common,714,https://github.com/cucumber/common/issues/714,1230
cucumber-ruby-wire,1,https://github.com/cucumber/cucumber-ruby-wire/issues/1,1210
common,1664,https://github.com/cucumber/common/issues/1664,1210
godog,410,https://github.com/cucumber/godog/issues/410,1202
aruba,391,https://github.com/cucumber/aruba/issues/391,1197
aruba,395,https://github.com/cucumber/aruba/issues/395,1197
aruba,402,https://github.com/cucumber/aruba/issues/402,1197
aruba,420,https://github.com/cucumber/aruba/issues/420,1197
aruba,432,https://github.com/cucumber/aruba/issues/432,1197
aruba,521,https://github.com/cucumber/aruba/issues/521,1197
aruba,545,https://github.com/cucumber/aruba/issues/545,1197
aruba,549,https://github.com/cucumber/aruba/issues/549,1197
aruba,667,https://github.com/cucumber/aruba/issues/667,1197
aruba,694,https://github.com/cucumber/aruba/issues/694,1197
aruba,713,https://github.com/cucumber/aruba/issues/713,1197
godog,267,https://github.com/cucumber/godog/issues/267,1186
common,1685,https://github.com/cucumber/common/issues/1685,1186
godog,395,https://github.com/cucumber/godog/issues/395,1182
common,1306,https://github.com/cucumber/common/issues/1306,1174
aruba,789,https://github.com/cucumber/aruba/pull/789,1169
godog,389,https://github.com/cucumber/godog/issues/389,1168
action-create-github-release,1,https://github.com/cucumber/action-create-github-release/issues/1,1159
cucumber-eclipse,324,https://github.com/cucumber/cucumber-eclipse/issues/324,1153
cucumber-eclipse,342,https://github.com/cucumber/cucumber-eclipse/issues/342,1153
cucumber-eclipse,400,https://github.com/cucumber/cucumber-eclipse/issues/400,1153
cucumber-eclipse,402,https://github.com/cucumber/cucumber-eclipse/issues/402,1153
cucumber-eclipse,403,https://github.com/cucumber/cucumber-eclipse/issues/403,1153
cucumber-eclipse,407,https://github.com/cucumber/cucumber-eclipse/issues/407,1153
cucumber-eclipse,411,https://github.com/cucumber/cucumber-eclipse/pull/411,1153
cucumber-eclipse,418,https://github.com/cucumber/cucumber-eclipse/issues/418,1153
cucumber-eclipse,425,https://github.com/cucumber/cucumber-eclipse/issues/425,1153
cucumber-eclipse,436,https://github.com/cucumber/cucumber-eclipse/issues/436,1153
godog,376,https://github.com/cucumber/godog/issues/376,1152
cucumber-eclipse,442,https://github.com/cucumber/cucumber-eclipse/issues/442,1151
cucumber-jvm-scala,217,https://github.com/cucumber/cucumber-jvm-scala/issues/217,1146
action-create-github-release,3,https://github.com/cucumber/action-create-github-release/issues/3,1146
action-create-github-release,6,https://github.com/cucumber/action-create-github-release/pull/6,1144
action-get-versions,2,https://github.com/cucumber/action-get-versions/issues/2,1143
cucumber-expressions,17,https://github.com/cucumber/cucumber-expressions/issues/17,1139
aruba,678,https://github.com/cucumber/aruba/issues/678,1135
godog,324,https://github.com/cucumber/godog/issues/324,1131
cucumber-eclipse,431,https://github.com/cucumber/cucumber-eclipse/issues/431,1122
cucumber-expressions,32,https://github.com/cucumber/cucumber-expressions/pull/32,1116
cucumber-eclipse,443,https://github.com/cucumber/cucumber-eclipse/issues/443,1116
cucumber-eclipse,445,https://github.com/cucumber/cucumber-eclipse/issues/445,1114
godog,373,https://github.com/cucumber/godog/issues/373,1112
docs,474,https://github.com/cucumber/docs/issues/474,1107
docs,633,https://github.com/cucumber/docs/issues/633,1106
cucumber-json-schema,5,https://github.com/cucumber/cucumber-json-schema/issues/5,1096
docs,696,https://github.com/cucumber/docs/issues/696,1095
cucumber-expressions,41,https://github.com/cucumber/cucumber-expressions/issues/41,1088
cucumber-js-pretty-formatter,8,https://github.com/cucumber/cucumber-js-pretty-formatter/issues/8,1084
godog,446,https://github.com/cucumber/godog/issues/446,1073
cucumber-jvm-scala,255,https://github.com/cucumber/cucumber-jvm-scala/issues/255,1071
cucumber-js,1850,https://github.com/cucumber/cucumber-js/issues/1850,1067
cucumber-android,65,https://github.com/cucumber/cucumber-android/issues/65,1067
cucumber-eclipse,449,https://github.com/cucumber/cucumber-eclipse/issues/449,1053
aruba,653,https://github.com/cucumber/aruba/pull/653,1052
cucumber-expressions,51,https://github.com/cucumber/cucumber-expressions/issues/51,1041
ci-environment,52,https://github.com/cucumber/ci-environment/issues/52,1041
ci-environment,53,https://github.com/cucumber/ci-environment/issues/53,1041
ci-environment,54,https://github.com/cucumber/ci-environment/issues/54,1041
ci-environment,55,https://github.com/cucumber/ci-environment/issues/55,1041
ci-environment,56,https://github.com/cucumber/ci-environment/issues/56,1041
ci-environment,57,https://github.com/cucumber/ci-environment/issues/57,1041
aruba,634,https://github.com/cucumber/aruba/pull/634,1030
aruba,855,https://github.com/cucumber/aruba/pull/855,1030
commitbit,3,https://github.com/cucumber/commitbit/issues/3,1024
cucumber-eclipse,450,https://github.com/cucumber/cucumber-eclipse/issues/450,1018
action-create-github-release,7,https://github.com/cucumber/action-create-github-release/issues/7,1010
cucumber-eclipse,371,https://github.com/cucumber/cucumber-eclipse/issues/371,1002
demo-formatter,3,https://github.com/cucumber/demo-formatter/issues/3,1000
cucumber-expressions,75,https://github.com/cucumber/cucumber-expressions/issues/75,990
godog,455,https://github.com/cucumber/godog/issues/455,976
cucumber-js,1394,https://github.com/cucumber/cucumber-js/issues/1394,976
cucumber-js,1797,https://github.com/cucumber/cucumber-js/issues/1797,976
docs,726,https://github.com/cucumber/docs/issues/726,975
cucumber-android,96,https://github.com/cucumber/cucumber-android/issues/96,972
changelog,7,https://github.com/cucumber/changelog/issues/7,969
action-changelog,1,https://github.com/cucumber/action-changelog/issues/1,969
common,331,https://github.com/cucumber/common/issues/331,964
build,68,https://github.com/cucumber/build/issues/68,963
godog,387,https://github.com/cucumber/godog/issues/387,961
cucumber-eclipse-update-site,5,https://github.com/cucumber/cucumber-eclipse-update-site/issues/5,955
html-formatter,61,https://github.com/cucumber/html-formatter/issues/61,954
aruba,573,https://github.com/cucumber/aruba/issues/573,943
aruba,722,https://github.com/cucumber/aruba/issues/722,932
changelog,10,https://github.com/cucumber/changelog/issues/10,921
json-formatter,3,https://github.com/cucumber/json-formatter/issues/3,915
polyglot-release,33,https://github.com/cucumber/polyglot-release/issues/33,914
.github,6,https://github.com/cucumber/.github/pull/6,907
godog,463,https://github.com/cucumber/godog/issues/463,905
polyglot-release,56,https://github.com/cucumber/polyglot-release/issues/56,903
polyglot-release,67,https://github.com/cucumber/polyglot-release/issues/67,903
changelog,11,https://github.com/cucumber/changelog/issues/11,903
changelog,12,https://github.com/cucumber/changelog/issues/12,901
json-formatter,8,https://github.com/cucumber/json-formatter/issues/8,900
json-formatter,7,https://github.com/cucumber/json-formatter/issues/7,900
cucumber-expressions,125,https://github.com/cucumber/cucumber-expressions/issues/125,899
cucumber-eclipse,454,https://github.com/cucumber/cucumber-eclipse/issues/454,898
cucumber-eclipse,455,https://github.com/cucumber/cucumber-eclipse/issues/455,898
cucumber-jvm-scala,294,https://github.com/cucumber/cucumber-jvm-scala/issues/294,897
cucumber-eclipse,456,https://github.com/cucumber/cucumber-eclipse/pull/456,894
cucumber-android,64,https://github.com/cucumber/cucumber-android/issues/64,890
cucumber-android,100,https://github.com/cucumber/cucumber-android/issues/100,886
cucumber-eclipse,457,https://github.com/cucumber/cucumber-eclipse/pull/457,885
changelog,6,https://github.com/cucumber/changelog/issues/6,885
godog,481,https://github.com/cucumber/godog/issues/481,881
html-formatter,124,https://github.com/cucumber/html-formatter/pull/124,878
polyglot-release,78,https://github.com/cucumber/polyglot-release/issues/78,877
polyglot-release,79,https://github.com/cucumber/polyglot-release/issues/79,877
docs,637,https://github.com/cucumber/docs/issues/637,871
cucumber-js-pretty-formatter,18,https://github.com/cucumber/cucumber-js-pretty-formatter/issues/18,864
docs,561,https://github.com/cucumber/docs/issues/561,849
json-formatter,19,https://github.com/cucumber/json-formatter/pull/19,844
changelog,13,https://github.com/cucumber/changelog/issues/13,834
changelog,14,https://github.com/cucumber/changelog/issues/14,834
docs,737,https://github.com/cucumber/docs/issues/737,833
cucumber-jvm,2556,https://github.com/cucumber/cucumber-jvm/issues/2556,832
cucumber-eclipse,464,https://github.com/cucumber/cucumber-eclipse/issues/464,832
common,1550,https://github.com/cucumber/common/issues/1550,822
godog,492,https://github.com/cucumber/godog/issues/492,814
cucumber-eclipse,466,https://github.com/cucumber/cucumber-eclipse/issues/466,811
cucumber-eclipse,460,https://github.com/cucumber/cucumber-eclipse/issues/460,809
cucumber-js,2065,https://github.com/cucumber/cucumber-js/issues/2065,807
godog,490,https://github.com/cucumber/godog/issues/490,804
cucumber-ruby,1627,https://github.com/cucumber/cucumber-ruby/issues/1627,800
action-publish-subrepo,5,https://github.com/cucumber/action-publish-subrepo/issues/5,796
godog,499,https://github.com/cucumber/godog/issues/499,795
action-publish-subrepo,10,https://github.com/cucumber/action-publish-subrepo/issues/10,789
cucumber-ruby,1666,https://github.com/cucumber/cucumber-ruby/issues/1666,787
changelog,8,https://github.com/cucumber/changelog/issues/8,783
action-publish-subrepo,11,https://github.com/cucumber/action-publish-subrepo/issues/11,781
messages,65,https://github.com/cucumber/messages/issues/65,773
messages,63,https://github.com/cucumber/messages/issues/63,773
cucumber-js,1453,https://github.com/cucumber/cucumber-js/issues/1453,773
messages,71,https://github.com/cucumber/messages/issues/71,772
common,1949,https://github.com/cucumber/common/issues/1949,771
cucumber-ruby,1362,https://github.com/cucumber/cucumber-ruby/issues/1362,760
build,79,https://github.com/cucumber/build/issues/79,760
cucumber-eclipse,478,https://github.com/cucumber/cucumber-eclipse/issues/478,739
gherkin,13,https://github.com/cucumber/gherkin/issues/13,733
gherkin,14,https://github.com/cucumber/gherkin/issues/14,733
gherkin,15,https://github.com/cucumber/gherkin/issues/15,733
gherkin,16,https://github.com/cucumber/gherkin/issues/16,733
gherkin,17,https://github.com/cucumber/gherkin/issues/17,733
gherkin,18,https://github.com/cucumber/gherkin/issues/18,733
gherkin,22,https://github.com/cucumber/gherkin/issues/22,733
gherkin,23,https://github.com/cucumber/gherkin/issues/23,733
gherkin,25,https://github.com/cucumber/gherkin/issues/25,733
gherkin,26,https://github.com/cucumber/gherkin/issues/26,733
gherkin,27,https://github.com/cucumber/gherkin/issues/27,733
gherkin,28,https://github.com/cucumber/gherkin/issues/28,733
gherkin,20,https://github.com/cucumber/gherkin/issues/20,733
gherkin,9,https://github.com/cucumber/gherkin/issues/9,733
gherkin,29,https://github.com/cucumber/gherkin/issues/29,733
gherkin,30,https://github.com/cucumber/gherkin/issues/30,733
gherkin,36,https://github.com/cucumber/gherkin/issues/36,733
gherkin,39,https://github.com/cucumber/gherkin/issues/39,733
cucumber-eclipse,368,https://github.com/cucumber/cucumber-eclipse/issues/368,733
common,1618,https://github.com/cucumber/common/pull/1618,733
messages,100,https://github.com/cucumber/messages/issues/100,732
gherkin,43,https://github.com/cucumber/gherkin/issues/43,732
gherkin,11,https://github.com/cucumber/gherkin/issues/11,731
gherkin,33,https://github.com/cucumber/gherkin/issues/33,731
gherkin,53,https://github.com/cucumber/gherkin/issues/53,730
gherkin,54,https://github.com/cucumber/gherkin/issues/54,730
aruba,752,https://github.com/cucumber/aruba/issues/752,730
messages,103,https://github.com/cucumber/messages/issues/103,728
gherkin,52,https://github.com/cucumber/gherkin/pull/52,728
messages,106,https://github.com/cucumber/messages/issues/106,727
cucumber-jvm,2640,https://github.com/cucumber/cucumber-jvm/issues/2640,725
common,2134,https://github.com/cucumber/common/issues/2134,720
messages,113,https://github.com/cucumber/messages/issues/113,717
godog,325,https://github.com/cucumber/godog/issues/325,717
cucumber-js,1799,https://github.com/cucumber/cucumber-js/issues/1799,717
json-formatter,13,https://github.com/cucumber/json-formatter/issues/13,711
gherkin,66,https://github.com/cucumber/gherkin/issues/66,709
cucumber-jvm,2035,https://github.com/cucumber/cucumber-jvm/issues/2035,706
godog,511,https://github.com/cucumber/godog/issues/511,703
cucumber-expressions,190,https://github.com/cucumber/cucumber-expressions/issues/190,700
cucumber-js-pretty-formatter,21,https://github.com/cucumber/cucumber-js-pretty-formatter/issues/21,698
json-formatter,26,https://github.com/cucumber/json-formatter/issues/26,697
cucumber-jvm-groovy,20,https://github.com/cucumber/cucumber-jvm-groovy/issues/20,696
cucumber-jvm-groovy,27,https://github.com/cucumber/cucumber-jvm-groovy/issues/27,696
cucumber-expressions,166,https://github.com/cucumber/cucumber-expressions/issues/166,696
gherkin,72,https://github.com/cucumber/gherkin/pull/72,694
polyglot-release,89,https://github.com/cucumber/polyglot-release/pull/89,693
common,871,https://github.com/cucumber/common/issues/871,684
cucumber-js-examples,11,https://github.com/cucumber/cucumber-js-examples/issues/11,682
messages,108,https://github.com/cucumber/messages/issues/108,675
messages,110,https://github.com/cucumber/messages/issues/110,674
messages,134,https://github.com/cucumber/messages/issues/134,674
cucumber-jvm,1711,https://github.com/cucumber/cucumber-jvm/issues/1711,674
cucumber-jvm,2672,https://github.com/cucumber/cucumber-jvm/issues/2672,674
action-retire-inactive-contributors,31,https://github.com/cucumber/action-retire-inactive-contributors/issues/31,669
action-retire-inactive-contributors,34,https://github.com/cucumber/action-retire-inactive-contributors/issues/34,669
action-retire-inactive-contributors,47,https://github.com/cucumber/action-retire-inactive-contributors/issues/47,669
godog,533,https://github.com/cucumber/godog/issues/533,668
cucumber-expressions,150,https://github.com/cucumber/cucumber-expressions/issues/150,668
common,2139,https://github.com/cucumber/common/issues/2139,668
cucumber-jvm,2684,https://github.com/cucumber/cucumber-jvm/issues/2684,665
cucumber-eclipse,482,https://github.com/cucumber/cucumber-eclipse/issues/482,665
gherkin,90,https://github.com/cucumber/gherkin/issues/90,661
docs,833,https://github.com/cucumber/docs/issues/833,661
cucumber-js,2043,https://github.com/cucumber/cucumber-js/issues/2043,661
ci-environment,196,https://github.com/cucumber/ci-environment/issues/196,661
docs,702,https://github.com/cucumber/docs/issues/702,656
cucumber-jvm,1805,https://github.com/cucumber/cucumber-jvm/issues/1805,655
docs,837,https://github.com/cucumber/docs/issues/837,650
common,2146,https://github.com/cucumber/common/issues/2146,647
screenplay.js,133,https://github.com/cucumber/screenplay.js/pull/133,646
gherkin,64,https://github.com/cucumber/gherkin/pull/64,646
cucumber-js,2135,https://github.com/cucumber/cucumber-js/issues/2135,645
messages,125,https://github.com/cucumber/messages/issues/125,644
json-formatter,33,https://github.com/cucumber/json-formatter/issues/33,644
cucumber-jvm-scala,350,https://github.com/cucumber/cucumber-jvm-scala/issues/350,637
cucumber-js,2239,https://github.com/cucumber/cucumber-js/issues/2239,637
godog,506,https://github.com/cucumber/godog/issues/506,632
cucumber-js,2088,https://github.com/cucumber/cucumber-js/issues/2088,629
cucumber-expressions,212,https://github.com/cucumber/cucumber-expressions/issues/212,626
messages,139,https://github.com/cucumber/messages/pull/139,622
godog,399,https://github.com/cucumber/godog/issues/399,620
godog,398,https://github.com/cucumber/godog/issues/398,614
cucumber-js-pretty-formatter,13,https://github.com/cucumber/cucumber-js-pretty-formatter/issues/13,614
cucumber-jvm,2174,https://github.com/cucumber/cucumber-jvm/issues/2174,609
json-formatter,54,https://github.com/cucumber/json-formatter/issues/54,608
gherkin,10,https://github.com/cucumber/gherkin/issues/10,608
gherkin,95,https://github.com/cucumber/gherkin/pull/95,608
microdata,135,https://github.com/cucumber/microdata/issues/135,606
cucumber-jvm,2697,https://github.com/cucumber/cucumber-jvm/issues/2697,606
cucumber-js,2067,https://github.com/cucumber/cucumber-js/pull/2067,606
cucumber-js,2134,https://github.com/cucumber/cucumber-js/pull/2134,606
cucumber-js,2139,https://github.com/cucumber/cucumber-js/pull/2139,606
cucumber-js,2232,https://github.com/cucumber/cucumber-js/pull/2232,606
messages,126,https://github.com/cucumber/messages/issues/126,605
godog,547,https://github.com/cucumber/godog/issues/547,605
cucumber-jvm,2705,https://github.com/cucumber/cucumber-jvm/issues/2705,601
gherkin,100,https://github.com/cucumber/gherkin/issues/100,599
docs,861,https://github.com/cucumber/docs/issues/861,599
gherkin,40,https://github.com/cucumber/gherkin/issues/40,586
cucumber-js,2269,https://github.com/cucumber/cucumber-js/issues/2269,586
cucumber-java-skeleton,79,https://github.com/cucumber/cucumber-java-skeleton/issues/79,577
cucumber-ruby,1513,https://github.com/cucumber/cucumber-ruby/issues/1513,576
cucumber-ruby,1541,https://github.com/cucumber/cucumber-ruby/issues/1541,576
cucumber-ruby,1547,https://github.com/cucumber/cucumber-ruby/issues/1547,576
cucumber-ruby,1553,https://github.com/cucumber/cucumber-ruby/issues/1553,576
cucumber-ruby,1593,https://github.com/cucumber/cucumber-ruby/issues/1593,576
cucumber-jvm,1871,https://github.com/cucumber/cucumber-jvm/issues/1871,576
cucumber-jvm,1921,https://github.com/cucumber/cucumber-jvm/issues/1921,576
cucumber-jvm,2054,https://github.com/cucumber/cucumber-jvm/issues/2054,576
cucumber-jvm,2108,https://github.com/cucumber/cucumber-jvm/issues/2108,576
cucumber-jvm,2215,https://github.com/cucumber/cucumber-jvm/issues/2215,576
cucumber-jvm,2216,https://github.com/cucumber/cucumber-jvm/issues/2216,576
cucumber-jvm,2279,https://github.com/cucumber/cucumber-jvm/issues/2279,576
cucumber-jvm,2309,https://github.com/cucumber/cucumber-jvm/issues/2309,576
cucumber-jvm,2324,https://github.com/cucumber/cucumber-jvm/issues/2324,576
cucumber-jvm,2370,https://github.com/cucumber/cucumber-jvm/issues/2370,576
cucumber-jvm,2383,https://github.com/cucumber/cucumber-jvm/issues/2383,576
cucumber-jvm,2439,https://github.com/cucumber/cucumber-jvm/issues/2439,576
cucumber-jvm,2450,https://github.com/cucumber/cucumber-jvm/issues/2450,576
cucumber-electron,71,https://github.com/cucumber/cucumber-electron/issues/71,576
cucumber-jvm,2572,https://github.com/cucumber/cucumber-jvm/issues/2572,575
cucumber-java-skeleton,80,https://github.com/cucumber/cucumber-java-skeleton/issues/80,573
json-formatter,32,https://github.com/cucumber/json-formatter/issues/32,571
cucumber-jvm,2637,https://github.com/cucumber/cucumber-jvm/issues/2637,570
cucumber-js,2276,https://github.com/cucumber/cucumber-js/issues/2276,570
gherkin,109,https://github.com/cucumber/gherkin/issues/109,566
changelog,19,https://github.com/cucumber/changelog/issues/19,564
action-create-github-release,5,https://github.com/cucumber/action-create-github-release/issues/5,563
cucumber-js,2115,https://github.com/cucumber/cucumber-js/issues/2115,562
cucumber-jvm,2745,https://github.com/cucumber/cucumber-jvm/issues/2745,561
json-formatter,34,https://github.com/cucumber/json-formatter/issues/34,558
gherkin,111,https://github.com/cucumber/gherkin/issues/111,558
json-formatter,2,https://github.com/cucumber/json-formatter/issues/2,554
json-formatter,4,https://github.com/cucumber/json-formatter/issues/4,554
json-formatter,25,https://github.com/cucumber/json-formatter/issues/25,554
godog,100,https://github.com/cucumber/godog/issues/100,550
cucumber-jvm,2748,https://github.com/cucumber/cucumber-jvm/issues/2748,550
cucumber-expressions,179,https://github.com/cucumber/cucumber-expressions/issues/179,547
cucumber-jvm,2415,https://github.com/cucumber/cucumber-jvm/pull/2415,546
cucumber-jvm,2542,https://github.com/cucumber/cucumber-jvm/pull/2542,546
aruba,900,https://github.com/cucumber/aruba/issues/900,542
json-formatter,52,https://github.com/cucumber/json-formatter/issues/52,533
react-components,332,https://github.com/cucumber/react-components/issues/332,524
cucumber-jvm,2695,https://github.com/cucumber/cucumber-jvm/issues/2695,524
docs,869,https://github.com/cucumber/docs/pull/869,520
cucumber-js,1871,https://github.com/cucumber/cucumber-js/issues/1871,515
gherkin,122,https://github.com/cucumber/gherkin/issues/122,511
cucumber.ml,47,https://github.com/cucumber/cucumber.ml/issues/47,508
messages,159,https://github.com/cucumber/messages/issues/159,502
aruba,902,https://github.com/cucumber/aruba/issues/902,500
cucumber-jvm,2770,https://github.com/cucumber/cucumber-jvm/issues/2770,495
docs,897,https://github.com/cucumber/docs/issues/897,494
messages,162,https://github.com/cucumber/messages/issues/162,490
cucumber-js-pretty-formatter,45,https://github.com/cucumber/cucumber-js-pretty-formatter/issues/45,488
gherkin,136,https://github.com/cucumber/gherkin/issues/136,484
cucumber-jvm,1829,https://github.com/cucumber/cucumber-jvm/issues/1829,484
screenplay.js,141,https://github.com/cucumber/screenplay.js/issues/141,483
cucumber-eclipse,492,https://github.com/cucumber/cucumber-eclipse/issues/492,483
cucumber-js,2296,https://github.com/cucumber/cucumber-js/issues/2296,480
cucumber-ruby,1710,https://github.com/cucumber/cucumber-ruby/issues/1710,479
cucumber-js,2303,https://github.com/cucumber/cucumber-js/issues/2303,467
tag-expressions,107,https://github.com/cucumber/tag-expressions/pull/107,456
docs,873,https://github.com/cucumber/docs/pull/873,453
cucumber-expressions,225,https://github.com/cucumber/cucumber-expressions/issues/225,453
gherkin,19,https://github.com/cucumber/gherkin/issues/19,452
gherkin,153,https://github.com/cucumber/gherkin/issues/153,451
common,568,https://github.com/cucumber/common/issues/568,447
cucumber-js,2314,https://github.com/cucumber/cucumber-js/issues/2314,442
cucumber-rails,563,https://github.com/cucumber/cucumber-rails/issues/563,439
godog,567,https://github.com/cucumber/godog/issues/567,438
cucumber-ruby,1643,https://github.com/cucumber/cucumber-ruby/issues/1643,437
cucumber-js,2317,https://github.com/cucumber/cucumber-js/issues/2317,437
polyglot-release,68,https://github.com/cucumber/polyglot-release/issues/68,436
polyglot-release,94,https://github.com/cucumber/polyglot-release/issues/94,436
polyglot-release,95,https://github.com/cucumber/polyglot-release/issues/95,436
aruba-getting-started,17,https://github.com/cucumber/aruba-getting-started/issues/17,436
cucumber-js,2112,https://github.com/cucumber/cucumber-js/issues/2112,434
cucumber-js,2156,https://github.com/cucumber/cucumber-js/issues/2156,434
common,1116,https://github.com/cucumber/common/issues/1116,432
common,1521,https://github.com/cucumber/common/issues/1521,432
common,1798,https://github.com/cucumber/common/issues/1798,432
common,2153,https://github.com/cucumber/common/issues/2153,432
polyglot-release,97,https://github.com/cucumber/polyglot-release/issues/97,431
cucumber-js,2253,https://github.com/cucumber/cucumber-js/issues/2253,431
cucumber-js,2309,https://github.com/cucumber/cucumber-js/issues/2309,431
action-publish-subrepo,14,https://github.com/cucumber/action-publish-subrepo/issues/14,422
html-formatter,121,https://github.com/cucumber/html-formatter/pull/121,417
cucumber-eclipse,434,https://github.com/cucumber/cucumber-eclipse/issues/434,414
gherkin,32,https://github.com/cucumber/gherkin/issues/32,412
cucumber.ml,49,https://github.com/cucumber/cucumber.ml/issues/49,412
cucumber-eclipse-update-site-snapshot,3,https://github.com/cucumber/cucumber-eclipse-update-site-snapshot/issues/3,406
cucumber-js,2263,https://github.com/cucumber/cucumber-js/pull/2263,400
godog,579,https://github.com/cucumber/godog/issues/579,399
common,2150,https://github.com/cucumber/common/issues/2150,399
cucumber-expressions,222,https://github.com/cucumber/cucumber-expressions/issues/222,398
docs,927,https://github.com/cucumber/docs/issues/927,397
cucumber-expressions,236,https://github.com/cucumber/cucumber-expressions/issues/236,395
gherkin,176,https://github.com/cucumber/gherkin/pull/176,393
action-retire-inactive-contributors,73,https://github.com/cucumber/action-retire-inactive-contributors/issues/73,389
cucumber-rails,537,https://github.com/cucumber/cucumber-rails/issues/537,383
cucumber-js-pretty-formatter,36,https://github.com/cucumber/cucumber-js-pretty-formatter/pull/36,378
messages,170,https://github.com/cucumber/messages/issues/170,375
polyglot-release,98,https://github.com/cucumber/polyglot-release/issues/98,374
cucumber-ruby-wire,45,https://github.com/cucumber/cucumber-ruby-wire/pull/45,373
compatibility-kit,89,https://github.com/cucumber/compatibility-kit/issues/89,373
cucumber-eclipse,502,https://github.com/cucumber/cucumber-eclipse/issues/502,370
cucumber-js,2349,https://github.com/cucumber/cucumber-js/pull/2349,368
react-components,126,https://github.com/cucumber/react-components/issues/126,365
react-components,81,https://github.com/cucumber/react-components/issues/81,365
react-components,125,https://github.com/cucumber/react-components/issues/125,365
react-components,75,https://github.com/cucumber/react-components/issues/75,365
react-components,76,https://github.com/cucumber/react-components/issues/76,365
react-components,181,https://github.com/cucumber/react-components/issues/181,365
messages,69,https://github.com/cucumber/messages/issues/69,365
action-publish-rubygem,2,https://github.com/cucumber/action-publish-rubygem/issues/2,360
cucumber-eclipse,503,https://github.com/cucumber/cucumber-eclipse/issues/503,355
cucumber-eclipse,504,https://github.com/cucumber/cucumber-eclipse/issues/504,354
cucumber-eclipse,505,https://github.com/cucumber/cucumber-eclipse/issues/505,348
docs,933,https://github.com/cucumber/docs/issues/933,346
cucumber-classroom,2,https://github.com/cucumber/cucumber-classroom/pull/2,345
vscode,1,https://github.com/cucumber/vscode/issues/1,343
monaco,28,https://github.com/cucumber/monaco/issues/28,339
cucumber-ruby,1288,https://github.com/cucumber/cucumber-ruby/issues/1288,338
json-formatter,86,https://github.com/cucumber/json-formatter/issues/86,332
cucumber-ruby-core,275,https://github.com/cucumber/cucumber-ruby-core/issues/275,332
cucumber-jvm,2833,https://github.com/cucumber/cucumber-jvm/issues/2833,331
html-formatter,120,https://github.com/cucumber/html-formatter/issues/120,328
cucumber-jvm,2837,https://github.com/cucumber/cucumber-jvm/issues/2837,325
cucumber-js,2327,https://github.com/cucumber/cucumber-js/issues/2327,325
cucumber-eclipse,493,https://github.com/cucumber/cucumber-eclipse/issues/493,324
aruba,917,https://github.com/cucumber/aruba/issues/917,322
html-formatter,106,https://github.com/cucumber/html-formatter/issues/106,318
vscode,160,https://github.com/cucumber/vscode/issues/160,313
vscode,146,https://github.com/cucumber/vscode/issues/146,311
cucumber-cpp,222,https://github.com/cucumber/cucumber-cpp/issues/222,311
cucumber-cpp,226,https://github.com/cucumber/cucumber-cpp/issues/226,311
vscode,124,https://github.com/cucumber/vscode/pull/124,308
language-service,57,https://github.com/cucumber/language-service/issues/57,308
language-service,113,https://github.com/cucumber/language-service/issues/113,308
language-service,117,https://github.com/cucumber/language-service/issues/117,308
language-service,129,https://github.com/cucumber/language-service/issues/129,308
language-service,153,https://github.com/cucumber/language-service/pull/153,308
language-server,40,https://github.com/cucumber/language-server/issues/40,308
vscode,140,https://github.com/cucumber/vscode/issues/140,307
common,1519,https://github.com/cucumber/common/issues/1519,307
common,2140,https://github.com/cucumber/common/issues/2140,306
cucumber-js-examples,18,https://github.com/cucumber/cucumber-js-examples/issues/18,305
cucumber-ruby-wire,62,https://github.com/cucumber/cucumber-ruby-wire/issues/62,304
messages,161,https://github.com/cucumber/messages/issues/161,302
cucumber-cpp,284,https://github.com/cucumber/cucumber-cpp/issues/284,302
cucumber-cpp,287,https://github.com/cucumber/cucumber-cpp/issues/287,302
vscode,118,https://github.com/cucumber/vscode/issues/118,301
cucumber-cpp,154,https://github.com/cucumber/cucumber-cpp/issues/154,301
cucumber-js,2348,https://github.com/cucumber/cucumber-js/issues/2348,300
html-formatter,282,https://github.com/cucumber/html-formatter/issues/282,296
godog,599,https://github.com/cucumber/godog/issues/599,296
godog,545,https://github.com/cucumber/godog/issues/545,293
gherkin-utils,3,https://github.com/cucumber/gherkin-utils/issues/3,293
cucumber-jvm,2845,https://github.com/cucumber/cucumber-jvm/issues/2845,285
react-components,341,https://github.com/cucumber/react-components/issues/341,284
html-formatter,283,https://github.com/cucumber/html-formatter/issues/283,284
cucumber-ruby-core,266,https://github.com/cucumber/cucumber-ruby-core/pull/266,284
cucumber-js,1851,https://github.com/cucumber/cucumber-js/issues/1851,284
godog,609,https://github.com/cucumber/godog/issues/609,283
gherkin-utils,59,https://github.com/cucumber/gherkin-utils/issues/59,264
cucumber-jvm,2849,https://github.com/cucumber/cucumber-jvm/issues/2849,264
cucumber-expressions,203,https://github.com/cucumber/cucumber-expressions/issues/203,264
common,2161,https://github.com/cucumber/common/issues/2161,256
cucumber-jvm,2855,https://github.com/cucumber/cucumber-jvm/issues/2855,255
react-components,344,https://github.com/cucumber/react-components/issues/344,253
gherkin,229,https://github.com/cucumber/gherkin/pull/229,241
aruba,505,https://github.com/cucumber/aruba/pull/505,238
aruba,619,https://github.com/cucumber/aruba/pull/619,238
aruba,799,https://github.com/cucumber/aruba/pull/799,238
aruba,894,https://github.com/cucumber/aruba/pull/894,238
html-formatter,294,https://github.com/cucumber/html-formatter/issues/294,237
cucumber-ruby,1585,https://github.com/cucumber/cucumber-ruby/issues/1585,235
renovate-config,6,https://github.com/cucumber/renovate-config/issues/6,233
docs,970,https://github.com/cucumber/docs/issues/970,232
vscode,152,https://github.com/cucumber/vscode/issues/152,231
vscode,205,https://github.com/cucumber/vscode/issues/205,229
language-service,182,https://github.com/cucumber/language-service/issues/182,228
language-server,95,https://github.com/cucumber/language-server/issues/95,225
vscode,186,https://github.com/cucumber/vscode/issues/186,223
language-service,124,https://github.com/cucumber/language-service/issues/124,223
language-service,186,https://github.com/cucumber/language-service/pull/186,223
aruba,881,https://github.com/cucumber/aruba/pull/881,223
aruba,898,https://github.com/cucumber/aruba/pull/898,223
aruba,925,https://github.com/cucumber/aruba/pull/925,223
aruba,926,https://github.com/cucumber/aruba/pull/926,222
cucumber-js,2347,https://github.com/cucumber/cucumber-js/issues/2347,220
messages,29,https://github.com/cucumber/messages/pull/29,219
cucumber-jvm,1834,https://github.com/cucumber/cucumber-jvm/issues/1834,219
website,11,https://github.com/cucumber/website/issues/11,218
website,17,https://github.com/cucumber/website/issues/17,218
cucumber-js,1648,https://github.com/cucumber/cucumber-js/issues/1648,218
website,18,https://github.com/cucumber/website/issues/18,217
website,19,https://github.com/cucumber/website/issues/19,217
common,2166,https://github.com/cucumber/common/issues/2166,215
common,2167,https://github.com/cucumber/common/issues/2167,215
gherkin-utils,75,https://github.com/cucumber/gherkin-utils/pull/75,211
gherkin,246,https://github.com/cucumber/gherkin/issues/246,208
cucumber-eclipse,488,https://github.com/cucumber/cucumber-eclipse/issues/488,207
gherkin-utils,76,https://github.com/cucumber/gherkin-utils/pull/76,206
vscode,151,https://github.com/cucumber/vscode/issues/151,204
vscode,167,https://github.com/cucumber/vscode/issues/167,203
language-server,102,https://github.com/cucumber/language-server/issues/102,203
cucumber-android,60,https://github.com/cucumber/cucumber-android/issues/60,202
language-service,193,https://github.com/cucumber/language-service/issues/193,201
language-service,191,https://github.com/cucumber/language-service/issues/191,201
language-service,199,https://github.com/cucumber/language-service/issues/199,201
language-service,203,https://github.com/cucumber/language-service/issues/203,201
gherkin-utils,78,https://github.com/cucumber/gherkin-utils/issues/78,201
gherkin-utils,40,https://github.com/cucumber/gherkin-utils/issues/40,201
gherkin-utils,77,https://github.com/cucumber/gherkin-utils/issues/77,201
cucumber-js,2346,https://github.com/cucumber/cucumber-js/issues/2346,199
language-service,204,https://github.com/cucumber/language-service/issues/204,198
cucumber-js-examples,20,https://github.com/cucumber/cucumber-js-examples/issues/20,197
cucumber-json-schema,6,https://github.com/cucumber/cucumber-json-schema/issues/6,193
godog,124,https://github.com/cucumber/godog/issues/124,192
cucumber-jvm,2879,https://github.com/cucumber/cucumber-jvm/issues/2879,191
language-service,207,https://github.com/cucumber/language-service/issues/207,189
godog,613,https://github.com/cucumber/godog/issues/613,186
cucumber-jvm,2805,https://github.com/cucumber/cucumber-jvm/issues/2805,185
cucumber-cpp,295,https://github.com/cucumber/cucumber-cpp/issues/295,184
cucumber-cpp,297,https://github.com/cucumber/cucumber-cpp/issues/297,184
cucumber-js,2395,https://github.com/cucumber/cucumber-js/issues/2395,182
language-service,111,https://github.com/cucumber/language-service/issues/111,181
godog,624,https://github.com/cucumber/godog/issues/624,181
cucumber-cpp,293,https://github.com/cucumber/cucumber-cpp/pull/293,181
cucumber-cpp,300,https://github.com/cucumber/cucumber-cpp/pull/300,181
vscode,117,https://github.com/cucumber/vscode/issues/117,180
vscode,232,https://github.com/cucumber/vscode/pull/232,180
messages,181,https://github.com/cucumber/messages/issues/181,173
tag-expressions,18,https://github.com/cucumber/tag-expressions/issues/18,171
query,43,https://github.com/cucumber/query/pull/43,170
cucumber-jvm,2888,https://github.com/cucumber/cucumber-jvm/pull/2888,170
vscode,89,https://github.com/cucumber/vscode/issues/89,162
aruba,932,https://github.com/cucumber/aruba/pull/932,162
cucumber-jvm,2889,https://github.com/cucumber/cucumber-jvm/issues/2889,161
cucumber-jvm,1891,https://github.com/cucumber/cucumber-jvm/issues/1891,156
cucumber-js,2406,https://github.com/cucumber/cucumber-js/issues/2406,156
common,2174,https://github.com/cucumber/common/issues/2174,151
cucumber-js,2257,https://github.com/cucumber/cucumber-js/issues/2257,145
html-formatter,281,https://github.com/cucumber/html-formatter/issues/281,142
godog,633,https://github.com/cucumber/godog/issues/633,142
cucumber-jvm-scala,373,https://github.com/cucumber/cucumber-jvm-scala/pull/373,141
docs,1001,https://github.com/cucumber/docs/issues/1001,138
common,2176,https://github.com/cucumber/common/issues/2176,138
docs,1002,https://github.com/cucumber/docs/issues/1002,137
cucumber-eclipse,511,https://github.com/cucumber/cucumber-eclipse/issues/511,136
cucumber-jvm,2897,https://github.com/cucumber/cucumber-jvm/issues/2897,134
vscode,150,https://github.com/cucumber/vscode/issues/150,129
language-service,221,https://github.com/cucumber/language-service/issues/221,129
cucumber-eclipse,479,https://github.com/cucumber/cucumber-eclipse/issues/479,129
messages,135,https://github.com/cucumber/messages/pull/135,128
aruba,933,https://github.com/cucumber/aruba/pull/933,128
language-service,216,https://github.com/cucumber/language-service/issues/216,127
language-service,217,https://github.com/cucumber/language-service/pull/217,127
language-service,220,https://github.com/cucumber/language-service/pull/220,127
gherkin,94,https://github.com/cucumber/gherkin/issues/94,125
godog,339,https://github.com/cucumber/godog/issues/339,124
compatibility-kit,75,https://github.com/cucumber/compatibility-kit/issues/75,124
vscode,69,https://github.com/cucumber/vscode/issues/69,121
language-service,212,https://github.com/cucumber/language-service/pull/212,119
language-service,225,https://github.com/cucumber/language-service/pull/225,119
vscode,237,https://github.com/cucumber/vscode/issues/237,118
vscode,238,https://github.com/cucumber/vscode/issues/238,118
vscode,240,https://github.com/cucumber/vscode/issues/240,118
vscode,236,https://github.com/cucumber/vscode/issues/236,117
vscode,242,https://github.com/cucumber/vscode/issues/242,117
aruba,927,https://github.com/cucumber/aruba/issues/927,117
react-components,354,https://github.com/cucumber/react-components/issues/354,115
gherkin,253,https://github.com/cucumber/gherkin/issues/253,115
cucumber-js,2415,https://github.com/cucumber/cucumber-js/issues/2415,114
vscode,243,https://github.com/cucumber/vscode/issues/243,113
json-formatter,103,https://github.com/cucumber/json-formatter/issues/103,111
godog,491,https://github.com/cucumber/godog/pull/491,108
godog,631,https://github.com/cucumber/godog/pull/631,108
cucumber-android,134,https://github.com/cucumber/cucumber-android/issues/134,108
action-publish-rubygem,11,https://github.com/cucumber/action-publish-rubygem/pull/11,108
cucumber-android,33,https://github.com/cucumber/cucumber-android/pull/33,107
common,2191,https://github.com/cucumber/common/issues/2191,104
cucumber.ml,51,https://github.com/cucumber/cucumber.ml/pull/51,101
cucumber-cpp,302,https://github.com/cucumber/cucumber-cpp/issues/302,101
cucumber-cpp,304,https://github.com/cucumber/cucumber-cpp/issues/304,101
cucumber-js,2353,https://github.com/cucumber/cucumber-js/issues/2353,99
messages,57,https://github.com/cucumber/messages/issues/57,94
cucumber-jvm,2896,https://github.com/cucumber/cucumber-jvm/issues/2896,94
cucumber-jvm,2882,https://github.com/cucumber/cucumber-jvm/issues/2882,93
godog,593,https://github.com/cucumber/godog/issues/593,88
common,2195,https://github.com/cucumber/common/issues/2195,88
messages,180,https://github.com/cucumber/messages/issues/180,87
messages,212,https://github.com/cucumber/messages/issues/212,87
gherkin,179,https://github.com/cucumber/gherkin/issues/179,87
cucumber-android,135,https://github.com/cucumber/cucumber-android/issues/135,87
cucumber-js,2419,https://github.com/cucumber/cucumber-js/issues/2419,86
cucumber-js,2417,https://github.com/cucumber/cucumber-js/issues/2417,83
compatibility-kit,110,https://github.com/cucumber/compatibility-kit/issues/110,83
gherkin,274,https://github.com/cucumber/gherkin/issues/274,80
cucumber-ruby,1760,https://github.com/cucumber/cucumber-ruby/issues/1760,80
cucumber-android,137,https://github.com/cucumber/cucumber-android/pull/137,80
cucumber-jvm,2917,https://github.com/cucumber/cucumber-jvm/issues/2917,77
language-service,223,https://github.com/cucumber/language-service/issues/223,76
cucumber-jvm,2890,https://github.com/cucumber/cucumber-jvm/pull/2890,75
vscode,248,https://github.com/cucumber/vscode/issues/248,72
json-formatter,24,https://github.com/cucumber/json-formatter/issues/24,72
language-service,183,https://github.com/cucumber/language-service/pull/183,69
language-service,201,https://github.com/cucumber/language-service/pull/201,69
language-service,209,https://github.com/cucumber/language-service/pull/209,69
godog,589,https://github.com/cucumber/godog/issues/589,69
cucumber-expressions,305,https://github.com/cucumber/cucumber-expressions/issues/305,69
language-server,113,https://github.com/cucumber/language-server/pull/113,68
godog,597,https://github.com/cucumber/godog/pull/597,68
gherkin,126,https://github.com/cucumber/gherkin/issues/126,64
language-service,229,https://github.com/cucumber/language-service/issues/229,62
cucumber-ruby,1763,https://github.com/cucumber/cucumber-ruby/issues/1763,62
cucumber-ruby,1759,https://github.com/cucumber/cucumber-ruby/pull/1759,61
cucumber-rails,531,https://github.com/cucumber/cucumber-rails/issues/531,61
cucumber-jvm,2911,https://github.com/cucumber/cucumber-jvm/issues/2911,61
messages,250,https://github.com/cucumber/messages/issues/250,60
demo-formatter,22,https://github.com/cucumber/demo-formatter/pull/22,58
demo-formatter,33,https://github.com/cucumber/demo-formatter/pull/33,58
cucumber-js,2418,https://github.com/cucumber/cucumber-js/issues/2418,56
html-formatter,329,https://github.com/cucumber/html-formatter/pull/329,55
vscode,130,https://github.com/cucumber/vscode/issues/130,54
language-service,230,https://github.com/cucumber/language-service/issues/230,54
cucumber-electron,74,https://github.com/cucumber/cucumber-electron/pull/74,54
cucumber-electron,78,https://github.com/cucumber/cucumber-electron/pull/78,54
cucumber-electron,79,https://github.com/cucumber/cucumber-electron/pull/79,54
cucumber-electron,80,https://github.com/cucumber/cucumber-electron/pull/80,54
cucumber-electron,84,https://github.com/cucumber/cucumber-electron/pull/84,54
cucumber-electron,85,https://github.com/cucumber/cucumber-electron/pull/85,54
cucumber-electron,86,https://github.com/cucumber/cucumber-electron/pull/86,54
cucumber-electron,87,https://github.com/cucumber/cucumber-electron/pull/87,54
godog,406,https://github.com/cucumber/godog/issues/406,52
messages,254,https://github.com/cucumber/messages/pull/254,48
language-service,206,https://github.com/cucumber/language-service/pull/206,48
language-service,228,https://github.com/cucumber/language-service/pull/228,48
vscode,249,https://github.com/cucumber/vscode/issues/249,46
cucumber-jvm,2924,https://github.com/cucumber/cucumber-jvm/issues/2924,46
vscode,250,https://github.com/cucumber/vscode/issues/250,45
cucumber-ruby-wire,71,https://github.com/cucumber/cucumber-ruby-wire/pull/71,45
cucumber-js,2430,https://github.com/cucumber/cucumber-js/issues/2430,45
cucumber-js,2431,https://github.com/cucumber/cucumber-js/issues/2431,45
cucumber-js,2432,https://github.com/cucumber/cucumber-js/issues/2432,44
cucumber-js,2433,https://github.com/cucumber/cucumber-js/issues/2433,41
cucumber-js,2434,https://github.com/cucumber/cucumber-js/issues/2434,41
language-service,205,https://github.com/cucumber/language-service/issues/205,40
language-service,180,https://github.com/cucumber/language-service/pull/180,38
docs,1024,https://github.com/cucumber/docs/pull/1024,38
vscode,234,https://github.com/cucumber/vscode/issues/234,37
build,90,https://github.com/cucumber/build/pull/90,37
build,91,https://github.com/cucumber/build/pull/91,37
build,92,https://github.com/cucumber/build/pull/92,37
build,93,https://github.com/cucumber/build/pull/93,37
build,94,https://github.com/cucumber/build/pull/94,37
godog,544,https://github.com/cucumber/godog/issues/544,35
godog,592,https://github.com/cucumber/godog/issues/592,35
godog,600,https://github.com/cucumber/godog/issues/600,35
messages,160,https://github.com/cucumber/messages/issues/160,34
vscode,251,https://github.com/cucumber/vscode/issues/251,32
language-service,184,https://github.com/cucumber/language-service/pull/184,32
language-service,185,https://github.com/cucumber/language-service/pull/185,32
cucumber-jvm,2933,https://github.com/cucumber/cucumber-jvm/issues/2933,32
vscode,244,https://github.com/cucumber/vscode/issues/244,31
vscode,215,https://github.com/cucumber/vscode/issues/215,30
godog,341,https://github.com/cucumber/godog/issues/341,30
godog,617,https://github.com/cucumber/godog/issues/617,30
gherkin,298,https://github.com/cucumber/gherkin/issues/298,30
cucumber-rails,580,https://github.com/cucumber/cucumber-rails/issues/580,30
cucumber-expressions,206,https://github.com/cucumber/cucumber-expressions/issues/206,30
godog,620,https://github.com/cucumber/godog/pull/620,29
cucumber-eclipse,518,https://github.com/cucumber/cucumber-eclipse/issues/518,29
cucumber-jvm,2707,https://github.com/cucumber/cucumber-jvm/issues/2707,26
cucumber-jvm,2767,https://github.com/cucumber/cucumber-jvm/pull/2767,25
compatibility-kit,113,https://github.com/cucumber/compatibility-kit/pull/113,24
godog,649,https://github.com/cucumber/godog/pull/649,22
cucumber-jvm,2902,https://github.com/cucumber/cucumber-jvm/pull/2902,22
cucumber-js,2414,https://github.com/cucumber/cucumber-js/issues/2414,22
godog,650,https://github.com/cucumber/godog/issues/650,21
website,4,https://github.com/cucumber/website/issues/4,20
website,16,https://github.com/cucumber/website/pull/16,20
website,23,https://github.com/cucumber/website/pull/23,18
website,24,https://github.com/cucumber/website/pull/24,18
website,25,https://github.com/cucumber/website/pull/25,17
cucumber-ruby,1762,https://github.com/cucumber/cucumber-ruby/pull/1762,17
cucumber-jvm,2903,https://github.com/cucumber/cucumber-jvm/issues/2903,17
cucumber-jvm,2934,https://github.com/cucumber/cucumber-jvm/issues/2934,17
common,2213,https://github.com/cucumber/common/issues/2213,17
language-service,188,https://github.com/cucumber/language-service/pull/188,15
cucumber-jvm,2936,https://github.com/cucumber/cucumber-jvm/issues/2936,15
cucumber-js-pretty-formatter,68,https://github.com/cucumber/cucumber-js-pretty-formatter/pull/68,15
compatibility-kit,115,https://github.com/cucumber/compatibility-kit/pull/115,15
action-retire-inactive-contributors,87,https://github.com/cucumber/action-retire-inactive-contributors/issues/87,15
messages,259,https://github.com/cucumber/messages/issues/259,14
godog,639,https://github.com/cucumber/godog/issues/639,14
messages,260,https://github.com/cucumber/messages/issues/260,13
godog,497,https://github.com/cucumber/godog/issues/497,13
godog,658,https://github.com/cucumber/godog/issues/658,13
cucumber-expressions,304,https://github.com/cucumber/cucumber-expressions/issues/304,13
aruba,935,https://github.com/cucumber/aruba/pull/935,13
testng-xml-formatter,8,https://github.com/cucumber/testng-xml-formatter/pull/8,12
action-retire-inactive-contributors,76,https://github.com/cucumber/action-retire-inactive-contributors/issues/76,12
vscode,252,https://github.com/cucumber/vscode/issues/252,11
messages-cli,1,https://github.com/cucumber/messages-cli/pull/1,11
vscode,253,https://github.com/cucumber/vscode/issues/253,10
godog,642,https://github.com/cucumber/godog/pull/642,10
cucumber-jvm,2938,https://github.com/cucumber/cucumber-jvm/issues/2938,10
godog,659,https://github.com/cucumber/godog/pull/659,9
messages,257,https://github.com/cucumber/messages/pull/257,7
messages,261,https://github.com/cucumber/messages/pull/261,7
message-streams,58,https://github.com/cucumber/message-streams/pull/58,7
junit-xml-formatter,40,https://github.com/cucumber/junit-xml-formatter/pull/40,7
html-formatter,331,https://github.com/cucumber/html-formatter/pull/331,7
html-formatter,332,https://github.com/cucumber/html-formatter/pull/332,7
html-formatter,334,https://github.com/cucumber/html-formatter/pull/334,7
html-formatter,335,https://github.com/cucumber/html-formatter/pull/335,7
gherkin-streams,85,https://github.com/cucumber/gherkin-streams/pull/85,7
gherkin-streams,90,https://github.com/cucumber/gherkin-streams/pull/90,7
gherkin-streams,91,https://github.com/cucumber/gherkin-streams/pull/91,7
vscode,254,https://github.com/cucumber/vscode/issues/254,6
tag-expressions,166,https://github.com/cucumber/tag-expressions/pull/166,6
tag-expressions,173,https://github.com/cucumber/tag-expressions/pull/173,6
tag-expressions,177,https://github.com/cucumber/tag-expressions/pull/177,6
junit-xml-formatter,42,https://github.com/cucumber/junit-xml-formatter/pull/42,6
gherkin,248,https://github.com/cucumber/gherkin/issues/248,6
docs,1031,https://github.com/cucumber/docs/pull/1031,6
demo-formatter,35,https://github.com/cucumber/demo-formatter/pull/35,6
cucumber-json-converter,70,https://github.com/cucumber/cucumber-json-converter/pull/70,6
cucumber-json-converter,73,https://github.com/cucumber/cucumber-json-converter/pull/73,6
testng-xml-formatter,5,https://github.com/cucumber/testng-xml-formatter/pull/5,5
tag-expressions,179,https://github.com/cucumber/tag-expressions/pull/179,5
screenplay.js.examples,6,https://github.com/cucumber/screenplay.js.examples/pull/6,5
screenplay.js.examples,47,https://github.com/cucumber/screenplay.js.examples/pull/47,5
screenplay.js.examples,61,https://github.com/cucumber/screenplay.js.examples/pull/61,5
screenplay.js.examples,68,https://github.com/cucumber/screenplay.js.examples/pull/68,5
screenplay.js.examples,69,https://github.com/cucumber/screenplay.js.examples/pull/69,5
screenplay.js.examples,75,https://github.com/cucumber/screenplay.js.examples/pull/75,5
screenplay.js,162,https://github.com/cucumber/screenplay.js/pull/162,5
screenplay.js,164,https://github.com/cucumber/screenplay.js/pull/164,5
screenplay.js,167,https://github.com/cucumber/screenplay.js/pull/167,5
microdata,147,https://github.com/cucumber/microdata/pull/147,5
microdata,149,https://github.com/cucumber/microdata/pull/149,5
microdata,150,https://github.com/cucumber/microdata/pull/150,5
messages,262,https://github.com/cucumber/messages/pull/262,5
message-streams,52,https://github.com/cucumber/message-streams/pull/52,5
message-streams,54,https://github.com/cucumber/message-streams/pull/54,5
message-streams,56,https://github.com/cucumber/message-streams/pull/56,5
message-streams,59,https://github.com/cucumber/message-streams/pull/59,5
language-service,171,https://github.com/cucumber/language-service/pull/171,5
language-service,177,https://github.com/cucumber/language-service/pull/177,5
language-service,189,https://github.com/cucumber/language-service/pull/189,5
html-formatter,295,https://github.com/cucumber/html-formatter/pull/295,5
html-formatter,299,https://github.com/cucumber/html-formatter/pull/299,5
html-formatter,302,https://github.com/cucumber/html-formatter/pull/302,5
html-formatter,310,https://github.com/cucumber/html-formatter/pull/310,5
html-formatter,336,https://github.com/cucumber/html-formatter/pull/336,5
gherkin-streams,82,https://github.com/cucumber/gherkin-streams/pull/82,5
gherkin-streams,84,https://github.com/cucumber/gherkin-streams/pull/84,5
gherkin-streams,92,https://github.com/cucumber/gherkin-streams/pull/92,5
gherkin,311,https://github.com/cucumber/gherkin/pull/311,5
cucumber.ml,50,https://github.com/cucumber/cucumber.ml/pull/50,5
cucumber-json-converter,64,https://github.com/cucumber/cucumber-json-converter/pull/64,5
cucumber-json-converter,68,https://github.com/cucumber/cucumber-json-converter/pull/68,5
cucumber-json-converter,74,https://github.com/cucumber/cucumber-json-converter/pull/74,5
cucumber-js-pretty-formatter,35,https://github.com/cucumber/cucumber-js-pretty-formatter/pull/35,5
cucumber-js-pretty-formatter,39,https://github.com/cucumber/cucumber-js-pretty-formatter/pull/39,5
cucumber-js-pretty-formatter,55,https://github.com/cucumber/cucumber-js-pretty-formatter/pull/55,5
cucumber-js-pretty-formatter,62,https://github.com/cucumber/cucumber-js-pretty-formatter/pull/62,5
cucumber-js-pretty-formatter,67,https://github.com/cucumber/cucumber-js-pretty-formatter/pull/67,5
cucumber-js-pretty-formatter,69,https://github.com/cucumber/cucumber-js-pretty-formatter/pull/69,5
cucumber-js,2339,https://github.com/cucumber/cucumber-js/issues/2339,5
cucumber-js,2439,https://github.com/cucumber/cucumber-js/issues/2439,5
cucumber-js,2440,https://github.com/cucumber/cucumber-js/issues/2440,5
cucumber-js,2441,https://github.com/cucumber/cucumber-js/pull/2441,5
cucumber-expressions,311,https://github.com/cucumber/cucumber-expressions/issues/311,5
compatibility-kit,116,https://github.com/cucumber/compatibility-kit/pull/116,5
commitbit,16,https://github.com/cucumber/commitbit/pull/16,5
commitbit,17,https://github.com/cucumber/commitbit/pull/17,5
action-retire-inactive-contributors,75,https://github.com/cucumber/action-retire-inactive-contributors/pull/75,5
action-retire-inactive-contributors,82,https://github.com/cucumber/action-retire-inactive-contributors/pull/82,5
action-retire-inactive-contributors,83,https://github.com/cucumber/action-retire-inactive-contributors/pull/83,5
action-retire-inactive-contributors,84,https://github.com/cucumber/action-retire-inactive-contributors/pull/84,5
action-retire-inactive-contributors,85,https://github.com/cucumber/action-retire-inactive-contributors/pull/85,5
action-retire-inactive-contributors,88,https://github.com/cucumber/action-retire-inactive-contributors/pull/88,5
action-publish-subrepo,18,https://github.com/cucumber/action-publish-subrepo/pull/18,5
godog,662,https://github.com/cucumber/godog/issues/662,4
gherkin,302,https://github.com/cucumber/gherkin/pull/302,4
docs,1019,https://github.com/cucumber/docs/pull/1019,4
docs,1020,https://github.com/cucumber/docs/pull/1020,4
docs,1030,https://github.com/cucumber/docs/pull/1030,4
vscode,230,https://github.com/cucumber/vscode/pull/230,3
vscode,245,https://github.com/cucumber/vscode/pull/245,3
vscode,246,https://github.com/cucumber/vscode/pull/246,3
try-cucumber-expressions,36,https://github.com/cucumber/try-cucumber-expressions/pull/36,3
try-cucumber-expressions,38,https://github.com/cucumber/try-cucumber-expressions/pull/38,3
try-cucumber-expressions,40,https://github.com/cucumber/try-cucumber-expressions/pull/40,3
try-cucumber-expressions,41,https://github.com/cucumber/try-cucumber-expressions/pull/41,3
try-cucumber-expressions,42,https://github.com/cucumber/try-cucumber-expressions/pull/42,3
try-cucumber-expressions,43,https://github.com/cucumber/try-cucumber-expressions/pull/43,3
try-cucumber-expressions,44,https://github.com/cucumber/try-cucumber-expressions/pull/44,3
query,42,https://github.com/cucumber/query/pull/42,3
query,48,https://github.com/cucumber/query/pull/48,3
query,49,https://github.com/cucumber/query/pull/49,3
query,50,https://github.com/cucumber/query/pull/50,3
query,56,https://github.com/cucumber/query/pull/56,3
query,57,https://github.com/cucumber/query/pull/57,3
query,59,https://github.com/cucumber/query/pull/59,3
query,60,https://github.com/cucumber/query/pull/60,3
monaco,126,https://github.com/cucumber/monaco/pull/126,3
monaco,128,https://github.com/cucumber/monaco/pull/128,3
monaco,131,https://github.com/cucumber/monaco/pull/131,3
language-server,76,https://github.com/cucumber/language-server/pull/76,3
language-server,87,https://github.com/cucumber/language-server/pull/87,3
language-server,91,https://github.com/cucumber/language-server/pull/91,3
language-server,109,https://github.com/cucumber/language-server/pull/109,3
language-server,112,https://github.com/cucumber/language-server/pull/112,3
gherkin-utils,79,https://github.com/cucumber/gherkin-utils/pull/79,3
gherkin-utils,87,https://github.com/cucumber/gherkin-utils/pull/87,3
gherkin-utils,88,https://github.com/cucumber/gherkin-utils/pull/88,3
gherkin-utils,89,https://github.com/cucumber/gherkin-utils/pull/89,3
gherkin-utils,90,https://github.com/cucumber/gherkin-utils/pull/90,3
gherkin-utils,91,https://github.com/cucumber/gherkin-utils/pull/91,3
cucumber-jvm,2928,https://github.com/cucumber/cucumber-jvm/pull/2928,3
cucumber-jvm,2935,https://github.com/cucumber/cucumber-jvm/pull/2935,3
cucumber-jvm,2939,https://github.com/cucumber/cucumber-jvm/pull/2939,3
ci-environment,251,https://github.com/cucumber/ci-environment/pull/251,3
ci-environment,261,https://github.com/cucumber/ci-environment/pull/261,3
ci-environment,265,https://github.com/cucumber/ci-environment/pull/265,3
ci-environment,267,https://github.com/cucumber/ci-environment/pull/267,3
messages,165,https://github.com/cucumber/messages/pull/165,2
json-formatter,36,https://github.com/cucumber/json-formatter/pull/36,2
json-formatter,67,https://github.com/cucumber/json-formatter/pull/67,2
json-formatter,102,https://github.com/cucumber/json-formatter/pull/102,2
json-formatter,109,https://github.com/cucumber/json-formatter/pull/109,2
godog,586,https://github.com/cucumber/godog/pull/586,2
godog,612,https://github.com/cucumber/godog/pull/612,2
godog,625,https://github.com/cucumber/godog/pull/625,2
godog,656,https://github.com/cucumber/godog/pull/656,2
godog,657,https://github.com/cucumber/godog/pull/657,2
gherkin,60,https://github.com/cucumber/gherkin/issues/60,2
gherkin,293,https://github.com/cucumber/gherkin/pull/293,2
gherkin,304,https://github.com/cucumber/gherkin/pull/304,2
gherkin,306,https://github.com/cucumber/gherkin/pull/306,2
gherkin,309,https://github.com/cucumber/gherkin/pull/309,2
gherkin,312,https://github.com/cucumber/gherkin/pull/312,2
fake-cucumber,115,https://github.com/cucumber/fake-cucumber/pull/115,2
fake-cucumber,118,https://github.com/cucumber/fake-cucumber/pull/118,2
fake-cucumber,122,https://github.com/cucumber/fake-cucumber/pull/122,2
fake-cucumber,132,https://github.com/cucumber/fake-cucumber/pull/132,2
cucumber-jvm-groovy,57,https://github.com/cucumber/cucumber-jvm-groovy/pull/57,2
cucumber-jvm-groovy,59,https://github.com/cucumber/cucumber-jvm-groovy/pull/59,2
cucumber-jvm,2835,https://github.com/cucumber/cucumber-jvm/pull/2835,2
cucumber-expressions,297,https://github.com/cucumber/cucumber-expressions/pull/297,2
cucumber-expressions,310,https://github.com/cucumber/cucumber-expressions/pull/310,2
compatibility-kit,117,https://github.com/cucumber/compatibility-kit/pull/117,2
action-retire-inactive-contributors,90,https://github.com/cucumber/action-retire-inactive-contributors/issues/90,2
website,15,https://github.com/cucumber/website/pull/15,1
query,61,https://github.com/cucumber/query/pull/61,1
godog,663,https://github.com/cucumber/godog/issues/663,1
aruba,939,https://github.com/cucumber/aruba/pull/939,1
