repo, issue, url, days_since_last_update
aruba,806,https://github.com/cucumber/aruba/issues/806,5
aruba,799,https://github.com/cucumber/aruba/pull/799,6
aruba,790,https://github.com/cucumber/aruba/pull/790,6
aruba,789,https://github.com/cucumber/aruba/pull/789,6
aruba,787,https://github.com/cucumber/aruba/pull/787,6
aruba,783,https://github.com/cucumber/aruba/pull/783,6
aruba,770,https://github.com/cucumber/aruba/issues/770,136
aruba,752,https://github.com/cucumber/aruba/issues/752,115
aruba,746,https://github.com/cucumber/aruba/pull/746,6
aruba,740,https://github.com/cucumber/aruba/issues/740,191
aruba,729,https://github.com/cucumber/aruba/issues/729,34
aruba,728,https://github.com/cucumber/aruba/issues/728,270
aruba,726,https://github.com/cucumber/aruba/issues/726,113
aruba,722,https://github.com/cucumber/aruba/issues/722,305
aruba,716,https://github.com/cucumber/aruba/pull/716,6
aruba,713,https://github.com/cucumber/aruba/issues/713,269
aruba,705,https://github.com/cucumber/aruba/issues/705,435
aruba,695,https://github.com/cucumber/aruba/issues/695,501
aruba,694,https://github.com/cucumber/aruba/issues/694,296
aruba,691,https://github.com/cucumber/aruba/issues/691,269
aruba,685,https://github.com/cucumber/aruba/issues/685,503
aruba,678,https://github.com/cucumber/aruba/issues/678,503
aruba,667,https://github.com/cucumber/aruba/issues/667,269
aruba,653,https://github.com/cucumber/aruba/pull/653,6
aruba,634,https://github.com/cucumber/aruba/pull/634,6
aruba,619,https://github.com/cucumber/aruba/pull/619,6
aruba,600,https://github.com/cucumber/aruba/pull/600,6
aruba,573,https://github.com/cucumber/aruba/issues/573,842
aruba,564,https://github.com/cucumber/aruba/issues/564,842
aruba,550,https://github.com/cucumber/aruba/issues/550,842
aruba,549,https://github.com/cucumber/aruba/issues/549,269
aruba,545,https://github.com/cucumber/aruba/issues/545,270
aruba,538,https://github.com/cucumber/aruba/issues/538,842
aruba,525,https://github.com/cucumber/aruba/issues/525,842
aruba,521,https://github.com/cucumber/aruba/issues/521,269
aruba,518,https://github.com/cucumber/aruba/issues/518,128
aruba,505,https://github.com/cucumber/aruba/pull/505,6
aruba,500,https://github.com/cucumber/aruba/issues/500,842
aruba,484,https://github.com/cucumber/aruba/issues/484,270
aruba,480,https://github.com/cucumber/aruba/issues/480,837
aruba,432,https://github.com/cucumber/aruba/issues/432,269
aruba,420,https://github.com/cucumber/aruba/issues/420,270
aruba,402,https://github.com/cucumber/aruba/issues/402,842
aruba,395,https://github.com/cucumber/aruba/issues/395,269
aruba,391,https://github.com/cucumber/aruba/issues/391,269
aruba,255,https://github.com/cucumber/aruba/issues/255,797
aruba,254,https://github.com/cucumber/aruba/issues/254,269
aruba-getting-started,6,https://github.com/cucumber/aruba-getting-started/pull/6,165
aruba-website,3,https://github.com/cucumber/aruba-website/pull/3,165
aruba-website,1,https://github.com/cucumber/aruba-website/issues/1,1366
coffee-machine,1,https://github.com/cucumber/coffee-machine/pull/1,165
coffee-machine-javascript,2,https://github.com/cucumber/coffee-machine-javascript/pull/2,3
coffee-machine-javascript,1,https://github.com/cucumber/coffee-machine-javascript/pull/1,154
commitbit,11,https://github.com/cucumber/commitbit/pull/11,97
commitbit,10,https://github.com/cucumber/commitbit/pull/10,165
commitbit,9,https://github.com/cucumber/commitbit/pull/9,223
commitbit,8,https://github.com/cucumber/commitbit/pull/8,223
commitbit,7,https://github.com/cucumber/commitbit/pull/7,223
commitbit,6,https://github.com/cucumber/commitbit/issues/6,327
commitbit,3,https://github.com/cucumber/commitbit/issues/3,1370
common,1556,https://github.com/cucumber/common/issues/1556,0
common,1555,https://github.com/cucumber/common/pull/1555,0
common,1550,https://github.com/cucumber/common/issues/1550,1
common,1544,https://github.com/cucumber/common/issues/1544,2
common,1542,https://github.com/cucumber/common/pull/1542,0
common,1539,https://github.com/cucumber/common/issues/1539,5
common,1532,https://github.com/cucumber/common/issues/1532,5
common,1523,https://github.com/cucumber/common/issues/1523,12
common,1521,https://github.com/cucumber/common/issues/1521,1
common,1519,https://github.com/cucumber/common/issues/1519,8
common,1517,https://github.com/cucumber/common/issues/1517,1
common,1512,https://github.com/cucumber/common/issues/1512,9
common,1507,https://github.com/cucumber/common/issues/1507,1
common,1505,https://github.com/cucumber/common/issues/1505,1
common,1504,https://github.com/cucumber/common/issues/1504,1
common,1498,https://github.com/cucumber/common/pull/1498,4
common,1493,https://github.com/cucumber/common/issues/1493,26
common,1467,https://github.com/cucumber/common/issues/1467,39
common,1462,https://github.com/cucumber/common/issues/1462,28
common,1441,https://github.com/cucumber/common/issues/1441,42
common,1427,https://github.com/cucumber/common/issues/1427,12
common,1426,https://github.com/cucumber/common/issues/1426,62
common,1425,https://github.com/cucumber/common/issues/1425,62
common,1423,https://github.com/cucumber/common/issues/1423,63
common,1421,https://github.com/cucumber/common/issues/1421,65
common,1413,https://github.com/cucumber/common/issues/1413,12
common,1393,https://github.com/cucumber/common/issues/1393,76
common,1391,https://github.com/cucumber/common/pull/1391,0
common,1386,https://github.com/cucumber/common/issues/1386,53
common,1533,https://github.com/cucumber/common/issues/1533,7
common,1357,https://github.com/cucumber/common/issues/1357,91
common,1349,https://github.com/cucumber/common/issues/1349,63
common,1334,https://github.com/cucumber/common/issues/1334,88
common,1325,https://github.com/cucumber/common/issues/1325,90
common,1306,https://github.com/cucumber/common/issues/1306,85
common,1304,https://github.com/cucumber/common/issues/1304,110
common,1302,https://github.com/cucumber/common/pull/1302,19
common,1309,https://github.com/cucumber/common/issues/1309,103
common,1290,https://github.com/cucumber/common/issues/1290,76
common,1317,https://github.com/cucumber/common/issues/1317,1
common,1273,https://github.com/cucumber/common/issues/1273,36
common,1264,https://github.com/cucumber/common/issues/1264,160
common,1250,https://github.com/cucumber/common/issues/1250,181
common,1232,https://github.com/cucumber/common/issues/1232,182
common,1224,https://github.com/cucumber/common/issues/1224,179
common,1218,https://github.com/cucumber/common/issues/1218,173
common,1216,https://github.com/cucumber/common/issues/1216,83
common,1195,https://github.com/cucumber/common/issues/1195,151
common,1173,https://github.com/cucumber/common/issues/1173,153
common,1138,https://github.com/cucumber/common/issues/1138,104
common,1122,https://github.com/cucumber/common/issues/1122,154
common,1116,https://github.com/cucumber/common/issues/1116,151
common,999,https://github.com/cucumber/common/issues/999,371
common,997,https://github.com/cucumber/common/issues/997,68
common,994,https://github.com/cucumber/common/issues/994,260
common,960,https://github.com/cucumber/common/issues/960,37
common,935,https://github.com/cucumber/common/pull/935,105
common,933,https://github.com/cucumber/common/issues/933,357
common,902,https://github.com/cucumber/common/issues/902,310
common,897,https://github.com/cucumber/common/issues/897,330
common,871,https://github.com/cucumber/common/issues/871,49
common,1329,https://github.com/cucumber/common/issues/1329,105
common,789,https://github.com/cucumber/common/issues/789,490
common,783,https://github.com/cucumber/common/issues/783,504
common,779,https://github.com/cucumber/common/issues/779,210
common,775,https://github.com/cucumber/common/issues/775,506
common,773,https://github.com/cucumber/common/issues/773,278
common,768,https://github.com/cucumber/common/issues/768,54
common,756,https://github.com/cucumber/common/issues/756,19
common,714,https://github.com/cucumber/common/issues/714,389
common,686,https://github.com/cucumber/common/issues/686,573
common,620,https://github.com/cucumber/common/issues/620,691
common,568,https://github.com/cucumber/common/issues/568,163
common,453,https://github.com/cucumber/common/issues/453,487
common,415,https://github.com/cucumber/common/issues/415,925
common,331,https://github.com/cucumber/common/issues/331,1048
common,249,https://github.com/cucumber/common/issues/249,0
cucumber-android,75,https://github.com/cucumber/cucumber-android/pull/75,20
cucumber-android,74,https://github.com/cucumber/cucumber-android/issues/74,20
cucumber-android,71,https://github.com/cucumber/cucumber-android/issues/71,40
cucumber-android,69,https://github.com/cucumber/cucumber-android/issues/69,42
cucumber-android,68,https://github.com/cucumber/cucumber-android/issues/68,60
cucumber-android,67,https://github.com/cucumber/cucumber-android/issues/67,82
cucumber-android,66,https://github.com/cucumber/cucumber-android/issues/66,77
cucumber-android,65,https://github.com/cucumber/cucumber-android/issues/65,100
cucumber-android,64,https://github.com/cucumber/cucumber-android/issues/64,99
cucumber-android,62,https://github.com/cucumber/cucumber-android/issues/62,154
cucumber-android,61,https://github.com/cucumber/cucumber-android/pull/61,165
cucumber-android,60,https://github.com/cucumber/cucumber-android/issues/60,115
cucumber-android,59,https://github.com/cucumber/cucumber-android/issues/59,182
cucumber-android,57,https://github.com/cucumber/cucumber-android/pull/57,236
cucumber-android,46,https://github.com/cucumber/cucumber-android/issues/46,344
cucumber-android,45,https://github.com/cucumber/cucumber-android/issues/45,98
cucumber-android,44,https://github.com/cucumber/cucumber-android/issues/44,411
cucumber-android,42,https://github.com/cucumber/cucumber-android/issues/42,370
cucumber-android,33,https://github.com/cucumber/cucumber-android/pull/33,551
cucumber-android,32,https://github.com/cucumber/cucumber-android/issues/32,552
cucumber-build,18,https://github.com/cucumber/cucumber-build/issues/18,4
cucumber-build,10,https://github.com/cucumber/cucumber-build/issues/10,4
cucumber-classroom,1,https://github.com/cucumber/cucumber-classroom/pull/1,165
cucumber-cpp,244,https://github.com/cucumber/cucumber-cpp/pull/244,15
cucumber-cpp,243,https://github.com/cucumber/cucumber-cpp/issues/243,21
cucumber-cpp,242,https://github.com/cucumber/cucumber-cpp/issues/242,23
cucumber-cpp,241,https://github.com/cucumber/cucumber-cpp/pull/241,164
cucumber-cpp,238,https://github.com/cucumber/cucumber-cpp/issues/238,203
cucumber-cpp,237,https://github.com/cucumber/cucumber-cpp/pull/237,222
cucumber-cpp,234,https://github.com/cucumber/cucumber-cpp/pull/234,443
cucumber-cpp,232,https://github.com/cucumber/cucumber-cpp/pull/232,498
cucumber-cpp,231,https://github.com/cucumber/cucumber-cpp/pull/231,481
cucumber-cpp,229,https://github.com/cucumber/cucumber-cpp/pull/229,528
cucumber-cpp,228,https://github.com/cucumber/cucumber-cpp/pull/228,528
cucumber-cpp,227,https://github.com/cucumber/cucumber-cpp/pull/227,528
cucumber-cpp,226,https://github.com/cucumber/cucumber-cpp/issues/226,566
cucumber-cpp,225,https://github.com/cucumber/cucumber-cpp/pull/225,697
cucumber-cpp,224,https://github.com/cucumber/cucumber-cpp/pull/224,652
cucumber-cpp,223,https://github.com/cucumber/cucumber-cpp/pull/223,702
cucumber-cpp,222,https://github.com/cucumber/cucumber-cpp/issues/222,733
cucumber-cpp,220,https://github.com/cucumber/cucumber-cpp/issues/220,752
cucumber-cpp,219,https://github.com/cucumber/cucumber-cpp/issues/219,651
cucumber-cpp,212,https://github.com/cucumber/cucumber-cpp/issues/212,874
cucumber-cpp,205,https://github.com/cucumber/cucumber-cpp/issues/205,440
cucumber-cpp,204,https://github.com/cucumber/cucumber-cpp/issues/204,900
cucumber-cpp,199,https://github.com/cucumber/cucumber-cpp/issues/199,735
cucumber-cpp,198,https://github.com/cucumber/cucumber-cpp/pull/198,253
cucumber-cpp,190,https://github.com/cucumber/cucumber-cpp/issues/190,1083
cucumber-cpp,185,https://github.com/cucumber/cucumber-cpp/issues/185,1142
cucumber-cpp,177,https://github.com/cucumber/cucumber-cpp/issues/177,944
cucumber-cpp,169,https://github.com/cucumber/cucumber-cpp/issues/169,1313
cucumber-cpp,163,https://github.com/cucumber/cucumber-cpp/issues/163,1313
cucumber-cpp,154,https://github.com/cucumber/cucumber-cpp/issues/154,1445
cucumber-cpp,129,https://github.com/cucumber/cucumber-cpp/pull/129,1187
cucumber-cpp,40,https://github.com/cucumber/cucumber-cpp/issues/40,1091
cucumber-eclipse,431,https://github.com/cucumber/cucumber-eclipse/issues/431,1
cucumber-eclipse,430,https://github.com/cucumber/cucumber-eclipse/issues/430,5
cucumber-eclipse,427,https://github.com/cucumber/cucumber-eclipse/issues/427,19
cucumber-eclipse,426,https://github.com/cucumber/cucumber-eclipse/pull/426,165
cucumber-eclipse,425,https://github.com/cucumber/cucumber-eclipse/issues/425,20
cucumber-eclipse,418,https://github.com/cucumber/cucumber-eclipse/issues/418,20
cucumber-eclipse,412,https://github.com/cucumber/cucumber-eclipse/issues/412,20
cucumber-eclipse,411,https://github.com/cucumber/cucumber-eclipse/pull/411,105
cucumber-eclipse,407,https://github.com/cucumber/cucumber-eclipse/issues/407,20
cucumber-eclipse,406,https://github.com/cucumber/cucumber-eclipse/issues/406,366
cucumber-eclipse,403,https://github.com/cucumber/cucumber-eclipse/issues/403,20
cucumber-eclipse,402,https://github.com/cucumber/cucumber-eclipse/issues/402,20
cucumber-eclipse,400,https://github.com/cucumber/cucumber-eclipse/issues/400,20
cucumber-eclipse,399,https://github.com/cucumber/cucumber-eclipse/issues/399,20
cucumber-eclipse,396,https://github.com/cucumber/cucumber-eclipse/issues/396,20
cucumber-eclipse,380,https://github.com/cucumber/cucumber-eclipse/issues/380,20
cucumber-eclipse,377,https://github.com/cucumber/cucumber-eclipse/issues/377,20
cucumber-eclipse,371,https://github.com/cucumber/cucumber-eclipse/issues/371,106
cucumber-eclipse,370,https://github.com/cucumber/cucumber-eclipse/issues/370,51
cucumber-eclipse,368,https://github.com/cucumber/cucumber-eclipse/issues/368,646
cucumber-eclipse,362,https://github.com/cucumber/cucumber-eclipse/issues/362,646
cucumber-eclipse,342,https://github.com/cucumber/cucumber-eclipse/issues/342,20
cucumber-eclipse,324,https://github.com/cucumber/cucumber-eclipse/issues/324,853
cucumber-eclipse,283,https://github.com/cucumber/cucumber-eclipse/issues/283,20
cucumber-eclipse,275,https://github.com/cucumber/cucumber-eclipse/issues/275,105
cucumber-eclipse,238,https://github.com/cucumber/cucumber-eclipse/issues/238,20
cucumber-eclipse,172,https://github.com/cucumber/cucumber-eclipse/issues/172,20
cucumber-eclipse,136,https://github.com/cucumber/cucumber-eclipse/issues/136,20
cucumber-eclipse,127,https://github.com/cucumber/cucumber-eclipse/issues/127,20
cucumber-eclipse,56,https://github.com/cucumber/cucumber-eclipse/issues/56,20
cucumber-eclipse,47,https://github.com/cucumber/cucumber-eclipse/issues/47,20
cucumber-eclipse,43,https://github.com/cucumber/cucumber-eclipse/issues/43,20
cucumber-eclipse,14,https://github.com/cucumber/cucumber-eclipse/issues/14,20
cucumber-eclipse,13,https://github.com/cucumber/cucumber-eclipse/issues/13,20
cucumber-eclipse,12,https://github.com/cucumber/cucumber-eclipse/issues/12,20
cucumber-eclipse,11,https://github.com/cucumber/cucumber-eclipse/issues/11,20
cucumber-eclipse,7,https://github.com/cucumber/cucumber-eclipse/issues/7,20
cucumber-eclipse,6,https://github.com/cucumber/cucumber-eclipse/issues/6,20
cucumber-electron,61,https://github.com/cucumber/cucumber-electron/pull/61,12
cucumber-electron,60,https://github.com/cucumber/cucumber-electron/pull/60,12
cucumber-electron,59,https://github.com/cucumber/cucumber-electron/issues/59,20
cucumber-electron,58,https://github.com/cucumber/cucumber-electron/issues/58,21
cucumber-electron,54,https://github.com/cucumber/cucumber-electron/pull/54,165
cucumber-engine,13,https://github.com/cucumber/cucumber-engine/pull/13,165
cucumber-engine,12,https://github.com/cucumber/cucumber-engine/issues/12,559
cucumber-engine,11,https://github.com/cucumber/cucumber-engine/issues/11,633
cucumber-engine,9,https://github.com/cucumber/cucumber-engine/issues/9,751
cucumber-engine,7,https://github.com/cucumber/cucumber-engine/issues/7,1051
cucumber-engine,6,https://github.com/cucumber/cucumber-engine/issues/6,1120
cucumber-engine,5,https://github.com/cucumber/cucumber-engine/issues/5,1103
cucumber-engine,4,https://github.com/cucumber/cucumber-engine/issues/4,1103
cucumber-expressions-javascript,8,https://github.com/cucumber/cucumber-expressions-javascript/pull/8,165
cucumber-expressions-ruby,4,https://github.com/cucumber/cucumber-expressions-ruby/pull/4,165
cucumber-java-skeleton,63,https://github.com/cucumber/cucumber-java-skeleton/pull/63,1
cucumber-js,1669,https://github.com/cucumber/cucumber-js/pull/1669,5
cucumber-js,1668,https://github.com/cucumber/cucumber-js/issues/1668,6
cucumber-js,1667,https://github.com/cucumber/cucumber-js/issues/1667,11
cucumber-js,1665,https://github.com/cucumber/cucumber-js/issues/1665,14
cucumber-js,1664,https://github.com/cucumber/cucumber-js/issues/1664,13
cucumber-js,1659,https://github.com/cucumber/cucumber-js/pull/1659,11
cucumber-js,1652,https://github.com/cucumber/cucumber-js/issues/1652,20
cucumber-js,1649,https://github.com/cucumber/cucumber-js/pull/1649,9
cucumber-js,1648,https://github.com/cucumber/cucumber-js/issues/1648,25
cucumber-js,1645,https://github.com/cucumber/cucumber-js/pull/1645,0
cucumber-js,1644,https://github.com/cucumber/cucumber-js/issues/1644,29
cucumber-js,1641,https://github.com/cucumber/cucumber-js/issues/1641,29
cucumber-js,1640,https://github.com/cucumber/cucumber-js/issues/1640,26
cucumber-js,1617,https://github.com/cucumber/cucumber-js/pull/1617,11
cucumber-js,1588,https://github.com/cucumber/cucumber-js/pull/1588,2
cucumber-js,1582,https://github.com/cucumber/cucumber-js/issues/1582,33
cucumber-js,1579,https://github.com/cucumber/cucumber-js/issues/1579,11
cucumber-js,1568,https://github.com/cucumber/cucumber-js/pull/1568,0
cucumber-js,1566,https://github.com/cucumber/cucumber-js/pull/1566,11
cucumber-js,1551,https://github.com/cucumber/cucumber-js/issues/1551,110
cucumber-js,1545,https://github.com/cucumber/cucumber-js/issues/1545,105
cucumber-js,1538,https://github.com/cucumber/cucumber-js/issues/1538,33
cucumber-js,1537,https://github.com/cucumber/cucumber-js/issues/1537,105
cucumber-js,1534,https://github.com/cucumber/cucumber-js/issues/1534,16
cucumber-js,1532,https://github.com/cucumber/cucumber-js/issues/1532,16
cucumber-js,1531,https://github.com/cucumber/cucumber-js/pull/1531,11
cucumber-js,1489,https://github.com/cucumber/cucumber-js/issues/1489,20
cucumber-js,1475,https://github.com/cucumber/cucumber-js/issues/1475,105
cucumber-js,1457,https://github.com/cucumber/cucumber-js/issues/1457,68
cucumber-js,1453,https://github.com/cucumber/cucumber-js/issues/1453,105
cucumber-js,1434,https://github.com/cucumber/cucumber-js/pull/1434,11
cucumber-js,1409,https://github.com/cucumber/cucumber-js/issues/1409,105
cucumber-js,1408,https://github.com/cucumber/cucumber-js/issues/1408,36
cucumber-js,1404,https://github.com/cucumber/cucumber-js/issues/1404,105
cucumber-js,1394,https://github.com/cucumber/cucumber-js/issues/1394,105
cucumber-js,1393,https://github.com/cucumber/cucumber-js/issues/1393,105
cucumber-js,1373,https://github.com/cucumber/cucumber-js/issues/1373,317
cucumber-js,1324,https://github.com/cucumber/cucumber-js/issues/1324,105
cucumber-js,1321,https://github.com/cucumber/cucumber-js/issues/1321,105
cucumber-js,1312,https://github.com/cucumber/cucumber-js/issues/1312,105
cucumber-js,1304,https://github.com/cucumber/cucumber-js/issues/1304,27
cucumber-js,1302,https://github.com/cucumber/cucumber-js/issues/1302,22
cucumber-js,1288,https://github.com/cucumber/cucumber-js/issues/1288,69
cucumber-js,1278,https://github.com/cucumber/cucumber-js/issues/1278,48
cucumber-js,1277,https://github.com/cucumber/cucumber-js/issues/1277,105
cucumber-js,1275,https://github.com/cucumber/cucumber-js/issues/1275,105
cucumber-js,1263,https://github.com/cucumber/cucumber-js/issues/1263,105
cucumber-js,1255,https://github.com/cucumber/cucumber-js/issues/1255,105
cucumber-js,1247,https://github.com/cucumber/cucumber-js/issues/1247,105
cucumber-js,1233,https://github.com/cucumber/cucumber-js/issues/1233,105
cucumber-js,1153,https://github.com/cucumber/cucumber-js/issues/1153,105
cucumber-js,1141,https://github.com/cucumber/cucumber-js/issues/1141,105
cucumber-js,1136,https://github.com/cucumber/cucumber-js/issues/1136,105
cucumber-js,1120,https://github.com/cucumber/cucumber-js/issues/1120,105
cucumber-js,1079,https://github.com/cucumber/cucumber-js/issues/1079,105
cucumber-js,1044,https://github.com/cucumber/cucumber-js/issues/1044,22
cucumber-js,1021,https://github.com/cucumber/cucumber-js/issues/1021,105
cucumber-js,1004,https://github.com/cucumber/cucumber-js/issues/1004,105
cucumber-js,859,https://github.com/cucumber/cucumber-js/issues/859,105
cucumber-js,751,https://github.com/cucumber/cucumber-js/issues/751,105
cucumber-js,745,https://github.com/cucumber/cucumber-js/issues/745,105
cucumber-js-package-upgrade,2,https://github.com/cucumber/cucumber-js-package-upgrade/pull/2,165
cucumber-json-schema,3,https://github.com/cucumber/cucumber-json-schema/issues/3,46
cucumber-json-testdata-generator,15,https://github.com/cucumber/cucumber-json-testdata-generator/pull/15,41
cucumber-json-testdata-generator,14,https://github.com/cucumber/cucumber-json-testdata-generator/pull/14,41
cucumber-json-testdata-generator,13,https://github.com/cucumber/cucumber-json-testdata-generator/issues/13,77
cucumber-json-testdata-generator,12,https://github.com/cucumber/cucumber-json-testdata-generator/pull/12,165
cucumber-json-testdata-generator,11,https://github.com/cucumber/cucumber-json-testdata-generator/pull/11,254
cucumber-json-testdata-generator,10,https://github.com/cucumber/cucumber-json-testdata-generator/pull/10,305
cucumber-json-testdata-generator,9,https://github.com/cucumber/cucumber-json-testdata-generator/pull/9,427
cucumber-json-testdata-generator,7,https://github.com/cucumber/cucumber-json-testdata-generator/pull/7,1329
cucumber-jvm,2304,https://github.com/cucumber/cucumber-jvm/pull/2304,1
cucumber-jvm,2303,https://github.com/cucumber/cucumber-jvm/pull/2303,1
cucumber-jvm,2302,https://github.com/cucumber/cucumber-jvm/issues/2302,1
cucumber-jvm,2300,https://github.com/cucumber/cucumber-jvm/pull/2300,1
cucumber-jvm,2299,https://github.com/cucumber/cucumber-jvm/pull/2299,3
cucumber-jvm,2294,https://github.com/cucumber/cucumber-jvm/issues/2294,9
cucumber-jvm,2288,https://github.com/cucumber/cucumber-jvm/issues/2288,18
cucumber-jvm,2286,https://github.com/cucumber/cucumber-jvm/pull/2286,6
cucumber-jvm,2285,https://github.com/cucumber/cucumber-jvm/issues/2285,29
cucumber-jvm,2283,https://github.com/cucumber/cucumber-jvm/pull/2283,3
cucumber-jvm,2281,https://github.com/cucumber/cucumber-jvm/pull/2281,22
cucumber-jvm,2279,https://github.com/cucumber/cucumber-jvm/issues/2279,38
cucumber-jvm,2278,https://github.com/cucumber/cucumber-jvm/issues/2278,45
cucumber-jvm,2257,https://github.com/cucumber/cucumber-jvm/pull/2257,22
cucumber-jvm,2256,https://github.com/cucumber/cucumber-jvm/pull/2256,22
cucumber-jvm,2255,https://github.com/cucumber/cucumber-jvm/pull/2255,22
cucumber-jvm,2254,https://github.com/cucumber/cucumber-jvm/issues/2254,21
cucumber-jvm,2216,https://github.com/cucumber/cucumber-jvm/issues/2216,105
cucumber-jvm,2215,https://github.com/cucumber/cucumber-jvm/issues/2215,98
cucumber-jvm,2174,https://github.com/cucumber/cucumber-jvm/issues/2174,38
cucumber-jvm,2143,https://github.com/cucumber/cucumber-jvm/pull/2143,29
cucumber-jvm,2054,https://github.com/cucumber/cucumber-jvm/issues/2054,105
cucumber-jvm,2044,https://github.com/cucumber/cucumber-jvm/issues/2044,76
cucumber-jvm,2035,https://github.com/cucumber/cucumber-jvm/issues/2035,105
cucumber-jvm,1936,https://github.com/cucumber/cucumber-jvm/issues/1936,347
cucumber-jvm,1931,https://github.com/cucumber/cucumber-jvm/issues/1931,329
cucumber-jvm,1921,https://github.com/cucumber/cucumber-jvm/issues/1921,159
cucumber-jvm,1891,https://github.com/cucumber/cucumber-jvm/issues/1891,120
cucumber-jvm,1871,https://github.com/cucumber/cucumber-jvm/issues/1871,159
cucumber-jvm,1834,https://github.com/cucumber/cucumber-jvm/issues/1834,90
cucumber-jvm,1829,https://github.com/cucumber/cucumber-jvm/issues/1829,326
cucumber-jvm,1805,https://github.com/cucumber/cucumber-jvm/issues/1805,93
cucumber-jvm,1711,https://github.com/cucumber/cucumber-jvm/issues/1711,92
cucumber-jvm,1707,https://github.com/cucumber/cucumber-jvm/issues/1707,105
cucumber-jvm-groovy,22,https://github.com/cucumber/cucumber-jvm-groovy/pull/22,165
cucumber-jvm-groovy,20,https://github.com/cucumber/cucumber-jvm-groovy/issues/20,20
cucumber-jvm-scala,175,https://github.com/cucumber/cucumber-jvm-scala/issues/175,85
cucumber-jvm-scala,4,https://github.com/cucumber/cucumber-jvm-scala/issues/4,373
cucumber-lua,16,https://github.com/cucumber/cucumber-lua/pull/16,165
cucumber-lua,15,https://github.com/cucumber/cucumber-lua/pull/15,223
cucumber-lua,14,https://github.com/cucumber/cucumber-lua/pull/14,253
cucumber-lua,13,https://github.com/cucumber/cucumber-lua/pull/13,935
cucumber-lua,8,https://github.com/cucumber/cucumber-lua/pull/8,230
cucumber-lua,7,https://github.com/cucumber/cucumber-lua/issues/7,982
cucumber-lua,3,https://github.com/cucumber/cucumber-lua/pull/3,1100
cucumber-message-upload-service,1,https://github.com/cucumber/cucumber-message-upload-service/pull/1,165
cucumber-parent,23,https://github.com/cucumber/cucumber-parent/pull/23,10
cucumber-parent,21,https://github.com/cucumber/cucumber-parent/pull/21,165
cucumber-parent,8,https://github.com/cucumber/cucumber-parent/pull/8,328
cucumber-rails,514,https://github.com/cucumber/cucumber-rails/issues/514,12
cucumber-rails,505,https://github.com/cucumber/cucumber-rails/issues/505,22
cucumber-rails,446,https://github.com/cucumber/cucumber-rails/issues/446,22
cucumber-rails,438,https://github.com/cucumber/cucumber-rails/issues/438,22
cucumber-react,4,https://github.com/cucumber/cucumber-react/pull/4,28
cucumber-react,3,https://github.com/cucumber/cucumber-react/pull/3,28
cucumber-react,2,https://github.com/cucumber/cucumber-react/pull/2,28
cucumber-ruby,1542,https://github.com/cucumber/cucumber-ruby/pull/1542,0
cucumber-ruby,1541,https://github.com/cucumber/cucumber-ruby/issues/1541,6
cucumber-ruby,1526,https://github.com/cucumber/cucumber-ruby/issues/1526,29
cucumber-ruby,1522,https://github.com/cucumber/cucumber-ruby/issues/1522,32
cucumber-ruby,1513,https://github.com/cucumber/cucumber-ruby/issues/1513,42
cucumber-ruby,1487,https://github.com/cucumber/cucumber-ruby/issues/1487,8
cucumber-ruby,1469,https://github.com/cucumber/cucumber-ruby/issues/1469,49
cucumber-ruby,1467,https://github.com/cucumber/cucumber-ruby/issues/1467,105
cucumber-ruby,1460,https://github.com/cucumber/cucumber-ruby/issues/1460,22
cucumber-ruby,1450,https://github.com/cucumber/cucumber-ruby/issues/1450,105
cucumber-ruby,1432,https://github.com/cucumber/cucumber-ruby/issues/1432,153
cucumber-ruby,1362,https://github.com/cucumber/cucumber-ruby/issues/1362,49
cucumber-ruby,1288,https://github.com/cucumber/cucumber-ruby/issues/1288,90
cucumber-ruby-tcl,43,https://github.com/cucumber/cucumber-ruby-tcl/pull/43,165
cucumber-ruby-tcl,40,https://github.com/cucumber/cucumber-ruby-tcl/pull/40,806
cucumber-ruby-tcl,35,https://github.com/cucumber/cucumber-ruby-tcl/issues/35,2149
cucumber-ruby-tcl,33,https://github.com/cucumber/cucumber-ruby-tcl/pull/33,2170
cucumber-ruby-tcl,32,https://github.com/cucumber/cucumber-ruby-tcl/issues/32,2175
cucumber-ruby-tcl,31,https://github.com/cucumber/cucumber-ruby-tcl/issues/31,2149
cucumber-ruby-tcl,29,https://github.com/cucumber/cucumber-ruby-tcl/issues/29,2171
cucumber-ruby-tcl,27,https://github.com/cucumber/cucumber-ruby-tcl/issues/27,2149
cucumber-ruby-tcl,25,https://github.com/cucumber/cucumber-ruby-tcl/issues/25,1876
cucumber-ruby-tcl,24,https://github.com/cucumber/cucumber-ruby-tcl/issues/24,2251
cucumber-ruby-tcl,19,https://github.com/cucumber/cucumber-ruby-tcl/issues/19,2280
cucumber-ruby-tcl,16,https://github.com/cucumber/cucumber-ruby-tcl/issues/16,2280
cucumber-ruby-tcl,15,https://github.com/cucumber/cucumber-ruby-tcl/issues/15,1902
cucumber-ruby-tcl,12,https://github.com/cucumber/cucumber-ruby-tcl/issues/12,1567
cucumber-ruby-wire,19,https://github.com/cucumber/cucumber-ruby-wire/issues/19,732
cucumber-ruby-wire,16,https://github.com/cucumber/cucumber-ruby-wire/issues/16,770
cucumber-ruby-wire,1,https://github.com/cucumber/cucumber-ruby-wire/issues/1,2041
cucumber-tcl-wire,3,https://github.com/cucumber/cucumber-tcl-wire/pull/3,165
cucumber-tmbundle,54,https://github.com/cucumber/cucumber-tmbundle/pull/54,165
cucumber-tmbundle,53,https://github.com/cucumber/cucumber-tmbundle/pull/53,223
cucumber-tmbundle,52,https://github.com/cucumber/cucumber-tmbundle/pull/52,253
cucumber-tmbundle,51,https://github.com/cucumber/cucumber-tmbundle/pull/51,383
cucumber-tmbundle,50,https://github.com/cucumber/cucumber-tmbundle/pull/50,423
cucumber-tmbundle,47,https://github.com/cucumber/cucumber-tmbundle/issues/47,1859
cucumber-tmbundle,46,https://github.com/cucumber/cucumber-tmbundle/issues/46,2031
cucumber-tmbundle,44,https://github.com/cucumber/cucumber-tmbundle/issues/44,1758
cucumber-tmbundle,42,https://github.com/cucumber/cucumber-tmbundle/pull/42,1387
cucumber-tmbundle,41,https://github.com/cucumber/cucumber-tmbundle/issues/41,2987
cucumber-tmbundle,40,https://github.com/cucumber/cucumber-tmbundle/pull/40,1387
cucumber-tmbundle,39,https://github.com/cucumber/cucumber-tmbundle/pull/39,3002
cucumber-tmbundle,37,https://github.com/cucumber/cucumber-tmbundle/issues/37,3010
cucumber-tmbundle,35,https://github.com/cucumber/cucumber-tmbundle/issues/35,3093
cucumber-tmbundle,34,https://github.com/cucumber/cucumber-tmbundle/pull/34,2494
cucumber-tmbundle,32,https://github.com/cucumber/cucumber-tmbundle/pull/32,2531
cucumber-tmbundle,31,https://github.com/cucumber/cucumber-tmbundle/issues/31,3345
cucumber-tmbundle,29,https://github.com/cucumber/cucumber-tmbundle/issues/29,3427
cucumber-tmbundle,28,https://github.com/cucumber/cucumber-tmbundle/issues/28,3518
cucumber-tmbundle,26,https://github.com/cucumber/cucumber-tmbundle/issues/26,3534
cucumber-tmbundle,25,https://github.com/cucumber/cucumber-tmbundle/issues/25,3614
cucumber.io-file-generator,3,https://github.com/cucumber/cucumber.io-file-generator/pull/3,165
cucumber.io-file-generator,2,https://github.com/cucumber/cucumber.io-file-generator/pull/2,448
cucumber.ml,35,https://github.com/cucumber/cucumber.ml/pull/35,165
cucumber.ml,34,https://github.com/cucumber/cucumber.ml/pull/34,18
datatable-java,5,https://github.com/cucumber/datatable-java/pull/5,128
datatable-java,3,https://github.com/cucumber/datatable-java/pull/3,128
docs,617,https://github.com/cucumber/docs/pull/617,0
docs,616,https://github.com/cucumber/docs/pull/616,1
docs,615,https://github.com/cucumber/docs/pull/615,1
docs,613,https://github.com/cucumber/docs/pull/613,8
docs,599,https://github.com/cucumber/docs/issues/599,68
docs,594,https://github.com/cucumber/docs/issues/594,19
docs,561,https://github.com/cucumber/docs/issues/561,11
docs,560,https://github.com/cucumber/docs/issues/560,22
docs,558,https://github.com/cucumber/docs/pull/558,12
docs,487,https://github.com/cucumber/docs/issues/487,102
docs,474,https://github.com/cucumber/docs/issues/474,165
docs,434,https://github.com/cucumber/docs/issues/434,90
docs,424,https://github.com/cucumber/docs/issues/424,480
docs,401,https://github.com/cucumber/docs/issues/401,572
docs,391,https://github.com/cucumber/docs/issues/391,514
docs,386,https://github.com/cucumber/docs/issues/386,224
docs,297,https://github.com/cucumber/docs/issues/297,165
docs,288,https://github.com/cucumber/docs/issues/288,165
docs,284,https://github.com/cucumber/docs/issues/284,157
docs,276,https://github.com/cucumber/docs/issues/276,165
docs,233,https://github.com/cucumber/docs/issues/233,926
docs,230,https://github.com/cucumber/docs/issues/230,616
docs,214,https://github.com/cucumber/docs/issues/214,165
docs,188,https://github.com/cucumber/docs/issues/188,1064
docs,144,https://github.com/cucumber/docs/issues/144,497
docs,142,https://github.com/cucumber/docs/issues/142,644
docs,136,https://github.com/cucumber/docs/issues/136,90
docs,79,https://github.com/cucumber/docs/issues/79,588
docs,67,https://github.com/cucumber/docs/issues/67,90
gherkin-c,15,https://github.com/cucumber/gherkin-c/pull/15,165
gherkin-c,14,https://github.com/cucumber/gherkin-c/pull/14,330
gherkin-c,13,https://github.com/cucumber/gherkin-c/pull/13,330
gherkin-c,10,https://github.com/cucumber/gherkin-c/pull/10,330
gherkin-lint-javascript,2,https://github.com/cucumber/gherkin-lint-javascript/pull/2,165
gherkin-lint-javascript,1,https://github.com/cucumber/gherkin-lint-javascript/pull/1,223
git-subrepo,1,https://github.com/cucumber/git-subrepo/pull/1,165
github-issue-stats,6,https://github.com/cucumber/github-issue-stats/pull/6,165
github-issue-stats,5,https://github.com/cucumber/github-issue-stats/issues/5,189
godog,388,https://github.com/cucumber/godog/issues/388,24
godog,387,https://github.com/cucumber/godog/issues/387,34
godog,383,https://github.com/cucumber/godog/issues/383,43
godog,378,https://github.com/cucumber/godog/issues/378,63
godog,376,https://github.com/cucumber/godog/issues/376,86
godog,375,https://github.com/cucumber/godog/issues/375,97
godog,373,https://github.com/cucumber/godog/issues/373,19
godog,372,https://github.com/cucumber/godog/pull/372,12
godog,370,https://github.com/cucumber/godog/issues/370,74
godog,368,https://github.com/cucumber/godog/issues/368,119
godog,367,https://github.com/cucumber/godog/issues/367,19
godog,365,https://github.com/cucumber/godog/issues/365,105
godog,364,https://github.com/cucumber/godog/pull/364,12
godog,360,https://github.com/cucumber/godog/issues/360,34
godog,346,https://github.com/cucumber/godog/issues/346,72
godog,341,https://github.com/cucumber/godog/issues/341,256
godog,339,https://github.com/cucumber/godog/issues/339,259
godog,334,https://github.com/cucumber/godog/issues/334,297
godog,328,https://github.com/cucumber/godog/issues/328,74
godog,325,https://github.com/cucumber/godog/issues/325,33
godog,324,https://github.com/cucumber/godog/issues/324,322
godog,291,https://github.com/cucumber/godog/issues/291,330
godog,276,https://github.com/cucumber/godog/pull/276,12
godog,267,https://github.com/cucumber/godog/issues/267,329
godog,253,https://github.com/cucumber/godog/issues/253,74
godog,230,https://github.com/cucumber/godog/issues/230,297
godog,222,https://github.com/cucumber/godog/issues/222,322
godog,221,https://github.com/cucumber/godog/issues/221,72
godog,194,https://github.com/cucumber/godog/issues/194,329
godog,188,https://github.com/cucumber/godog/issues/188,74
godog,187,https://github.com/cucumber/godog/issues/187,657
godog,185,https://github.com/cucumber/godog/issues/185,678
godog,182,https://github.com/cucumber/godog/issues/182,707
godog,178,https://github.com/cucumber/godog/issues/178,715
godog,175,https://github.com/cucumber/godog/issues/175,725
godog,173,https://github.com/cucumber/godog/issues/173,755
godog,159,https://github.com/cucumber/godog/issues/159,825
godog,158,https://github.com/cucumber/godog/issues/158,833
godog,154,https://github.com/cucumber/godog/issues/154,329
godog,128,https://github.com/cucumber/godog/issues/128,432
godog,124,https://github.com/cucumber/godog/issues/124,249
godog,100,https://github.com/cucumber/godog/issues/100,74
godog,95,https://github.com/cucumber/godog/issues/95,88
godog,94,https://github.com/cucumber/godog/issues/94,329
godog,88,https://github.com/cucumber/godog/issues/88,74
godog,58,https://github.com/cucumber/godog/issues/58,329
messages-ruby,1,https://github.com/cucumber/messages-ruby/issues/1,314
microdata,43,https://github.com/cucumber/microdata/pull/43,8
microdata,42,https://github.com/cucumber/microdata/pull/42,9
microdata,41,https://github.com/cucumber/microdata/pull/41,10
microdata,40,https://github.com/cucumber/microdata/pull/40,11
microdata,37,https://github.com/cucumber/microdata/pull/37,1
microdata,36,https://github.com/cucumber/microdata/pull/36,0
microdata,35,https://github.com/cucumber/microdata/pull/35,11
multi_test,22,https://github.com/cucumber/multi_test/pull/22,165
multi_test,21,https://github.com/cucumber/multi_test/issues/21,371
petrinet,1,https://github.com/cucumber/petrinet/pull/1,165
protobuf,2,https://github.com/cucumber/protobuf/pull/2,104
protobuf,1,https://github.com/cucumber/protobuf/pull/1,165
protobuf.js,6,https://github.com/cucumber/protobuf.js/pull/6,165
protobuf.js,5,https://github.com/cucumber/protobuf.js/pull/5,223
protobuf.js,4,https://github.com/cucumber/protobuf.js/pull/4,223
protobuf.js,3,https://github.com/cucumber/protobuf.js/pull/3,223
protobuf.js,2,https://github.com/cucumber/protobuf.js/pull/2,223
protobuf.js,1,https://github.com/cucumber/protobuf.js/pull/1,223
repo-template,6,https://github.com/cucumber/repo-template/pull/6,165
repo-template,5,https://github.com/cucumber/repo-template/issues/5,567
repo-template,4,https://github.com/cucumber/repo-template/issues/4,574
repo-template,3,https://github.com/cucumber/repo-template/issues/3,574
screenplay.js,4,https://github.com/cucumber/screenplay.js/pull/4,0
screenplay.js,3,https://github.com/cucumber/screenplay.js/pull/3,0
screenplay.js,2,https://github.com/cucumber/screenplay.js/pull/2,81
slack-invite-automation,4,https://github.com/cucumber/slack-invite-automation/pull/4,165
tag-expressions-javascript,6,https://github.com/cucumber/tag-expressions-javascript/pull/6,165
todo-react-typescript-subsecond,6,https://github.com/cucumber/todo-react-typescript-subsecond/pull/6,18
todo-react-typescript-subsecond,5,https://github.com/cucumber/todo-react-typescript-subsecond/pull/5,165
todo-react-typescript-subsecond,4,https://github.com/cucumber/todo-react-typescript-subsecond/pull/4,224
todo-react-typescript-subsecond,2,https://github.com/cucumber/todo-react-typescript-subsecond/pull/2,290
